2026-04-28 03:33:50,435 - ETL_Pipeline - INFO - Pipeline started. Watching directory: data/raw
2026-04-28 03:33:59,253 - ETL_Pipeline - INFO - New file entered pipeline: /Users/lesrene/Desktop/LabInstrument_Pipeline/data/raw/instrument_run_1777361639.json
2026-04-28 03:33:59,284 - ETL_Pipeline - INFO - Successfully ingested and added rows to database from: /Users/lesrene/Desktop/LabInstrument_Pipeline/data/raw/instrument_run_1777361639.json
2026-04-28 03:33:59,284 - ETL_Pipeline - INFO - VALIDATION_PASSED: File passed validation in /Users/lesrene/Desktop/LabInstrument_Pipeline/data/raw/instrument_run_1777361639.json
2026-04-28 03:33:59,285 - ETL_Pipeline - INFO - Moved: instrument_run_1777361639.json -> data/processed
2026-04-28 03:34:09,264 - ETL_Pipeline - INFO - New file entered pipeline: /Users/lesrene/Desktop/LabInstrument_Pipeline/data/raw/instrument_run_1777361649.json
2026-04-28 03:34:09,291 - ETL_Pipeline - INFO - Successfully ingested and added rows to database from: /Users/lesrene/Desktop/LabInstrument_Pipeline/data/raw/instrument_run_1777361649.json
2026-04-28 03:34:09,291 - ETL_Pipeline - INFO - VALIDATION_PASSED: File passed validation in /Users/lesrene/Desktop/LabInstrument_Pipeline/data/raw/instrument_run_1777361649.json
2026-04-28 03:34:09,292 - ETL_Pipeline - INFO - Moved: instrument_run_1777361649.json -> data/processed
2026-04-28 03:34:19,279 - ETL_Pipeline - INFO - New file entered pipeline: /Users/lesrene/Desktop/LabInstrument_Pipeline/data/raw/instrument_run_1777361659.json
2026-04-28 03:34:19,295 - ETL_Pipeline - INFO - Successfully ingested and added rows to database from: /Users/lesrene/Desktop/LabInstrument_Pipeline/data/raw/instrument_run_1777361659.json
2026-04-28 03:34:19,295 - ETL_Pipeline - INFO - VALIDATION_PASSED: File passed validation in /Users/lesrene/Desktop/LabInstrument_Pipeline/data/raw/instrument_run_1777361659.json
2026-04-28 03:34:19,295 - ETL_Pipeline - INFO - Moved: instrument_run_1777361659.json -> data/processed
2026-04-28 03:34:29,282 - ETL_Pipeline - INFO - New file entered pipeline: /Users/lesrene/Desktop/LabInstrument_Pipeline/data/raw/instrument_run_1777361669.json
2026-04-28 03:34:29,292 - ETL_Pipeline - INFO - Successfully ingested and added rows to database from: /Users/lesrene/Desktop/LabInstrument_Pipeline/data/raw/instrument_run_1777361669.json
2026-04-28 03:34:29,293 - ETL_Pipeline - INFO - VALIDATION_PASSED: File passed validation in /Users/lesrene/Desktop/LabInstrument_Pipeline/data/raw/instrument_run_1777361669.json
2026-04-28 03:34:29,293 - ETL_Pipeline - INFO - Moved: instrument_run_1777361669.json -> data/processed
2026-04-28 03:34:39,291 - ETL_Pipeline - INFO - New file entered pipeline: /Users/lesrene/Desktop/LabInstrument_Pipeline/data/raw/instrument_run_1777361679.json
2026-04-28 03:34:39,312 - ETL_Pipeline - INFO - Successfully ingested and added rows to database from: /Users/lesrene/Desktop/LabInstrument_Pipeline/data/raw/instrument_run_1777361679.json
2026-04-28 03:34:39,312 - ETL_Pipeline - INFO - VALIDATION_PASSED: File passed validation in /Users/lesrene/Desktop/LabInstrument_Pipeline/data/raw/instrument_run_1777361679.json
2026-04-28 03:34:39,313 - ETL_Pipeline - INFO - Moved: instrument_run_1777361679.json -> data/processed
2026-04-28 03:34:49,299 - ETL_Pipeline - INFO - New file entered pipeline: /Users/lesrene/Desktop/LabInstrument_Pipeline/data/raw/instrument_run_1777361689.json
2026-04-28 03:34:49,304 - ETL_Pipeline - ERROR - VALIDATION_FAILED: Invalid Mass: -1.0 mg in /Users/lesrene/Desktop/LabInstrument_Pipeline/data/raw/instrument_run_1777361689.json
2026-04-28 03:34:49,308 - ETL_Pipeline - INFO - Moved: instrument_run_1777361689.json -> data/quarantine
2026-04-28 03:34:59,306 - ETL_Pipeline - INFO - New file entered pipeline: /Users/lesrene/Desktop/LabInstrument_Pipeline/data/raw/instrument_run_1777361699.json
2026-04-28 03:34:59,326 - ETL_Pipeline - INFO - Successfully ingested and added rows to database from: /Users/lesrene/Desktop/LabInstrument_Pipeline/data/raw/instrument_run_1777361699.json
2026-04-28 03:34:59,326 - ETL_Pipeline - INFO - VALIDATION_PASSED: File passed validation in /Users/lesrene/Desktop/LabInstrument_Pipeline/data/raw/instrument_run_1777361699.json
2026-04-28 03:34:59,326 - ETL_Pipeline - INFO - Moved: instrument_run_1777361699.json -> data/processed
2026-04-28 03:35:09,326 - ETL_Pipeline - INFO - New file entered pipeline: /Users/lesrene/Desktop/LabInstrument_Pipeline/data/raw/instrument_run_1777361709.json
2026-04-28 03:35:09,368 - ETL_Pipeline - INFO - Successfully ingested and added rows to database from: /Users/lesrene/Desktop/LabInstrument_Pipeline/data/raw/instrument_run_1777361709.json
2026-04-28 03:35:09,369 - ETL_Pipeline - INFO - VALIDATION_PASSED: File passed validation in /Users/lesrene/Desktop/LabInstrument_Pipeline/data/raw/instrument_run_1777361709.json
2026-04-28 03:35:09,370 - ETL_Pipeline - INFO - Moved: instrument_run_1777361709.json -> data/processed
2026-04-28 03:35:19,326 - ETL_Pipeline - INFO - New file entered pipeline: /Users/lesrene/Desktop/LabInstrument_Pipeline/data/raw/instrument_run_1777361719.json
2026-04-28 03:35:19,341 - ETL_Pipeline - INFO - Successfully ingested and added rows to database from: /Users/lesrene/Desktop/LabInstrument_Pipeline/data/raw/instrument_run_1777361719.json
2026-04-28 03:35:19,341 - ETL_Pipeline - INFO - VALIDATION_PASSED: File passed validation in /Users/lesrene/Desktop/LabInstrument_Pipeline/data/raw/instrument_run_1777361719.json
2026-04-28 03:35:19,342 - ETL_Pipeline - INFO - Moved: instrument_run_1777361719.json -> data/processed
2026-04-28 03:35:29,331 - ETL_Pipeline - INFO - New file entered pipeline: /Users/lesrene/Desktop/LabInstrument_Pipeline/data/raw/instrument_run_1777361729.json
2026-04-28 03:35:29,343 - ETL_Pipeline - INFO - Successfully ingested and added rows to database from: /Users/lesrene/Desktop/LabInstrument_Pipeline/data/raw/instrument_run_1777361729.json
2026-04-28 03:35:29,343 - ETL_Pipeline - INFO - VALIDATION_PASSED: File passed validation in /Users/lesrene/Desktop/LabInstrument_Pipeline/data/raw/instrument_run_1777361729.json
2026-04-28 03:35:29,344 - ETL_Pipeline - INFO - Moved: instrument_run_1777361729.json -> data/processed
2026-04-28 03:35:39,342 - ETL_Pipeline - INFO - New file entered pipeline: /Users/lesrene/Desktop/LabInstrument_Pipeline/data/raw/instrument_run_1777361739.json
2026-04-28 03:35:39,363 - ETL_Pipeline - INFO - Successfully ingested and added rows to database from: /Users/lesrene/Desktop/LabInstrument_Pipeline/data/raw/instrument_run_1777361739.json
2026-04-28 03:35:39,363 - ETL_Pipeline - INFO - VALIDATION_PASSED: File passed validation in /Users/lesrene/Desktop/LabInstrument_Pipeline/data/raw/instrument_run_1777361739.json
2026-04-28 03:35:39,364 - ETL_Pipeline - INFO - Moved: instrument_run_1777361739.json -> data/processed
2026-04-28 03:35:49,360 - ETL_Pipeline - INFO - New file entered pipeline: /Users/lesrene/Desktop/LabInstrument_Pipeline/data/raw/instrument_run_1777361749.json
2026-04-28 03:35:49,374 - ETL_Pipeline - INFO - Successfully ingested and added rows to database from: /Users/lesrene/Desktop/LabInstrument_Pipeline/data/raw/instrument_run_1777361749.json
2026-04-28 03:35:49,375 - ETL_Pipeline - INFO - VALIDATION_PASSED: File passed validation in /Users/lesrene/Desktop/LabInstrument_Pipeline/data/raw/instrument_run_1777361749.json
2026-04-28 03:35:49,375 - ETL_Pipeline - INFO - Moved: instrument_run_1777361749.json -> data/processed
2026-04-28 03:35:59,368 - ETL_Pipeline - INFO - New file entered pipeline: /Users/lesrene/Desktop/LabInstrument_Pipeline/data/raw/instrument_run_1777361759.json
2026-04-28 03:35:59,379 - ETL_Pipeline - INFO - Successfully ingested and added rows to database from: /Users/lesrene/Desktop/LabInstrument_Pipeline/data/raw/instrument_run_1777361759.json
2026-04-28 03:35:59,379 - ETL_Pipeline - INFO - VALIDATION_PASSED: File passed validation in /Users/lesrene/Desktop/LabInstrument_Pipeline/data/raw/instrument_run_1777361759.json
2026-04-28 03:35:59,380 - ETL_Pipeline - INFO - Moved: instrument_run_1777361759.json -> data/processed
2026-04-28 03:36:09,380 - ETL_Pipeline - INFO - New file entered pipeline: /Users/lesrene/Desktop/LabInstrument_Pipeline/data/raw/instrument_run_1777361769.json
2026-04-28 03:36:09,395 - ETL_Pipeline - INFO - Successfully ingested and added rows to database from: /Users/lesrene/Desktop/LabInstrument_Pipeline/data/raw/instrument_run_1777361769.json
2026-04-28 03:36:09,396 - ETL_Pipeline - INFO - VALIDATION_PASSED: File passed validation in /Users/lesrene/Desktop/LabInstrument_Pipeline/data/raw/instrument_run_1777361769.json
2026-04-28 03:36:09,397 - ETL_Pipeline - INFO - Moved: instrument_run_1777361769.json -> data/processed
2026-04-28 03:36:19,388 - ETL_Pipeline - INFO - New file entered pipeline: /Users/lesrene/Desktop/LabInstrument_Pipeline/data/raw/instrument_run_1777361779.json
2026-04-28 03:36:19,397 - ETL_Pipeline - INFO - Successfully ingested and added rows to database from: /Users/lesrene/Desktop/LabInstrument_Pipeline/data/raw/instrument_run_1777361779.json
2026-04-28 03:36:19,398 - ETL_Pipeline - INFO - VALIDATION_PASSED: File passed validation in /Users/lesrene/Desktop/LabInstrument_Pipeline/data/raw/instrument_run_1777361779.json
2026-04-28 03:36:19,398 - ETL_Pipeline - INFO - Moved: instrument_run_1777361779.json -> data/processed
2026-04-28 03:36:29,396 - ETL_Pipeline - INFO - New file entered pipeline: /Users/lesrene/Desktop/LabInstrument_Pipeline/data/raw/instrument_run_1777361789.json
2026-04-28 03:36:29,403 - ETL_Pipeline - INFO - Successfully ingested and added rows to database from: /Users/lesrene/Desktop/LabInstrument_Pipeline/data/raw/instrument_run_1777361789.json
2026-04-28 03:36:29,404 - ETL_Pipeline - INFO - VALIDATION_PASSED: File passed validation in /Users/lesrene/Desktop/LabInstrument_Pipeline/data/raw/instrument_run_1777361789.json
2026-04-28 03:36:29,404 - ETL_Pipeline - INFO - Moved: instrument_run_1777361789.json -> data/processed
2026-04-28 03:36:39,420 - ETL_Pipeline - INFO - New file entered pipeline: /Users/lesrene/Desktop/LabInstrument_Pipeline/data/raw/instrument_run_1777361799.json
2026-04-28 03:36:39,439 - ETL_Pipeline - INFO - Successfully ingested and added rows to database from: /Users/lesrene/Desktop/LabInstrument_Pipeline/data/raw/instrument_run_1777361799.json
2026-04-28 03:36:39,440 - ETL_Pipeline - INFO - VALIDATION_PASSED: File passed validation in /Users/lesrene/Desktop/LabInstrument_Pipeline/data/raw/instrument_run_1777361799.json
2026-04-28 03:36:39,440 - ETL_Pipeline - INFO - Moved: instrument_run_1777361799.json -> data/processed
2026-04-28 03:36:49,426 - ETL_Pipeline - INFO - New file entered pipeline: /Users/lesrene/Desktop/LabInstrument_Pipeline/data/raw/instrument_run_1777361809.json
2026-04-28 03:36:49,448 - ETL_Pipeline - INFO - Successfully ingested and added rows to database from: /Users/lesrene/Desktop/LabInstrument_Pipeline/data/raw/instrument_run_1777361809.json
2026-04-28 03:36:49,448 - ETL_Pipeline - INFO - VALIDATION_PASSED: File passed validation in /Users/lesrene/Desktop/LabInstrument_Pipeline/data/raw/instrument_run_1777361809.json
2026-04-28 03:36:49,449 - ETL_Pipeline - INFO - Moved: instrument_run_1777361809.json -> data/processed
2026-04-28 03:36:59,436 - ETL_Pipeline - INFO - New file entered pipeline: /Users/lesrene/Desktop/LabInstrument_Pipeline/data/raw/instrument_run_1777361819.json
2026-04-28 03:36:59,458 - ETL_Pipeline - INFO - Successfully ingested and added rows to database from: /Users/lesrene/Desktop/LabInstrument_Pipeline/data/raw/instrument_run_1777361819.json
2026-04-28 03:36:59,458 - ETL_Pipeline - INFO - VALIDATION_PASSED: File passed validation in /Users/lesrene/Desktop/LabInstrument_Pipeline/data/raw/instrument_run_1777361819.json
2026-04-28 03:36:59,459 - ETL_Pipeline - INFO - Moved: instrument_run_1777361819.json -> data/processed
2026-04-28 03:37:09,450 - ETL_Pipeline - INFO - New file entered pipeline: /Users/lesrene/Desktop/LabInstrument_Pipeline/data/raw/instrument_run_1777361829.json
2026-04-28 03:37:09,471 - ETL_Pipeline - INFO - Successfully ingested and added rows to database from: /Users/lesrene/Desktop/LabInstrument_Pipeline/data/raw/instrument_run_1777361829.json
2026-04-28 03:37:09,472 - ETL_Pipeline - INFO - VALIDATION_PASSED: File passed validation in /Users/lesrene/Desktop/LabInstrument_Pipeline/data/raw/instrument_run_1777361829.json
2026-04-28 03:37:09,473 - ETL_Pipeline - INFO - Moved: instrument_run_1777361829.json -> data/processed
2026-04-28 03:37:19,476 - ETL_Pipeline - INFO - New file entered pipeline: /Users/lesrene/Desktop/LabInstrument_Pipeline/data/raw/instrument_run_1777361839.json
2026-04-28 03:37:19,492 - ETL_Pipeline - INFO - Successfully ingested and added rows to database from: /Users/lesrene/Desktop/LabInstrument_Pipeline/data/raw/instrument_run_1777361839.json
2026-04-28 03:37:19,493 - ETL_Pipeline - INFO - VALIDATION_PASSED: File passed validation in /Users/lesrene/Desktop/LabInstrument_Pipeline/data/raw/instrument_run_1777361839.json
2026-04-28 03:37:19,493 - ETL_Pipeline - INFO - Moved: instrument_run_1777361839.json -> data/processed
2026-04-28 03:37:29,474 - ETL_Pipeline - INFO - New file entered pipeline: /Users/lesrene/Desktop/LabInstrument_Pipeline/data/raw/instrument_run_1777361849.json
2026-04-28 03:37:29,499 - ETL_Pipeline - INFO - Successfully ingested and added rows to database from: /Users/lesrene/Desktop/LabInstrument_Pipeline/data/raw/instrument_run_1777361849.json
2026-04-28 03:37:29,500 - ETL_Pipeline - INFO - VALIDATION_PASSED: File passed validation in /Users/lesrene/Desktop/LabInstrument_Pipeline/data/raw/instrument_run_1777361849.json
2026-04-28 03:37:29,500 - ETL_Pipeline - INFO - Moved: instrument_run_1777361849.json -> data/processed
2026-04-28 03:37:39,481 - ETL_Pipeline - INFO - New file entered pipeline: /Users/lesrene/Desktop/LabInstrument_Pipeline/data/raw/instrument_run_1777361859.json
2026-04-28 03:37:39,496 - ETL_Pipeline - INFO - Successfully ingested and added rows to database from: /Users/lesrene/Desktop/LabInstrument_Pipeline/data/raw/instrument_run_1777361859.json
2026-04-28 03:37:39,497 - ETL_Pipeline - INFO - VALIDATION_PASSED: File passed validation in /Users/lesrene/Desktop/LabInstrument_Pipeline/data/raw/instrument_run_1777361859.json
2026-04-28 03:37:39,497 - ETL_Pipeline - INFO - Moved: instrument_run_1777361859.json -> data/processed
2026-04-28 03:37:49,490 - ETL_Pipeline - INFO - New file entered pipeline: /Users/lesrene/Desktop/LabInstrument_Pipeline/data/raw/instrument_run_1777361869.json
2026-04-28 03:37:49,493 - ETL_Pipeline - ERROR - VALIDATION_FAILED: Invalid Mass (Unit): 18.981562836484347 g in /Users/lesrene/Desktop/LabInstrument_Pipeline/data/raw/instrument_run_1777361869.json
2026-04-28 03:37:49,500 - ETL_Pipeline - INFO - Moved: instrument_run_1777361869.json -> data/quarantine
2026-04-28 03:37:59,496 - ETL_Pipeline - INFO - New file entered pipeline: /Users/lesrene/Desktop/LabInstrument_Pipeline/data/raw/instrument_run_1777361879.json
2026-04-28 03:37:59,515 - ETL_Pipeline - INFO - Successfully ingested and added rows to database from: /Users/lesrene/Desktop/LabInstrument_Pipeline/data/raw/instrument_run_1777361879.json
2026-04-28 03:37:59,515 - ETL_Pipeline - INFO - VALIDATION_PASSED: File passed validation in /Users/lesrene/Desktop/LabInstrument_Pipeline/data/raw/instrument_run_1777361879.json
2026-04-28 03:37:59,515 - ETL_Pipeline - INFO - Moved: instrument_run_1777361879.json -> data/processed
2026-04-28 03:38:09,503 - ETL_Pipeline - INFO - New file entered pipeline: /Users/lesrene/Desktop/LabInstrument_Pipeline/data/raw/instrument_run_1777361889.json
2026-04-28 03:38:09,509 - ETL_Pipeline - ERROR - VALIDATION_FAILED: Invalid Mass: -1.0 mg in /Users/lesrene/Desktop/LabInstrument_Pipeline/data/raw/instrument_run_1777361889.json
2026-04-28 03:38:09,513 - ETL_Pipeline - INFO - Moved: instrument_run_1777361889.json -> data/quarantine
2026-04-28 03:38:19,512 - ETL_Pipeline - INFO - New file entered pipeline: /Users/lesrene/Desktop/LabInstrument_Pipeline/data/raw/instrument_run_1777361899.json
2026-04-28 03:38:19,536 - ETL_Pipeline - INFO - Successfully ingested and added rows to database from: /Users/lesrene/Desktop/LabInstrument_Pipeline/data/raw/instrument_run_1777361899.json
2026-04-28 03:38:19,537 - ETL_Pipeline - INFO - VALIDATION_PASSED: File passed validation in /Users/lesrene/Desktop/LabInstrument_Pipeline/data/raw/instrument_run_1777361899.json
2026-04-28 03:38:19,537 - ETL_Pipeline - INFO - Moved: instrument_run_1777361899.json -> data/processed
2026-04-28 03:38:29,516 - ETL_Pipeline - INFO - New file entered pipeline: /Users/lesrene/Desktop/LabInstrument_Pipeline/data/raw/instrument_run_1777361909.json
2026-04-28 03:38:29,524 - ETL_Pipeline - INFO - Successfully ingested and added rows to database from: /Users/lesrene/Desktop/LabInstrument_Pipeline/data/raw/instrument_run_1777361909.json
2026-04-28 03:38:29,525 - ETL_Pipeline - INFO - VALIDATION_PASSED: File passed validation in /Users/lesrene/Desktop/LabInstrument_Pipeline/data/raw/instrument_run_1777361909.json
2026-04-28 03:38:29,525 - ETL_Pipeline - INFO - Moved: instrument_run_1777361909.json -> data/processed
2026-04-28 03:38:39,530 - ETL_Pipeline - INFO - New file entered pipeline: /Users/lesrene/Desktop/LabInstrument_Pipeline/data/raw/instrument_run_1777361919.json
2026-04-28 03:38:39,552 - ETL_Pipeline - INFO - Successfully ingested and added rows to database from: /Users/lesrene/Desktop/LabInstrument_Pipeline/data/raw/instrument_run_1777361919.json
2026-04-28 03:38:39,552 - ETL_Pipeline - INFO - VALIDATION_PASSED: File passed validation in /Users/lesrene/Desktop/LabInstrument_Pipeline/data/raw/instrument_run_1777361919.json
2026-04-28 03:38:39,553 - ETL_Pipeline - INFO - Moved: instrument_run_1777361919.json -> data/processed
2026-04-28 03:38:49,539 - ETL_Pipeline - INFO - New file entered pipeline: /Users/lesrene/Desktop/LabInstrument_Pipeline/data/raw/instrument_run_1777361929.json
2026-04-28 03:38:49,551 - ETL_Pipeline - INFO - Successfully ingested and added rows to database from: /Users/lesrene/Desktop/LabInstrument_Pipeline/data/raw/instrument_run_1777361929.json
2026-04-28 03:38:49,551 - ETL_Pipeline - INFO - VALIDATION_PASSED: File passed validation in /Users/lesrene/Desktop/LabInstrument_Pipeline/data/raw/instrument_run_1777361929.json
2026-04-28 03:38:49,552 - ETL_Pipeline - INFO - Moved: instrument_run_1777361929.json -> data/processed
2026-04-28 03:38:59,545 - ETL_Pipeline - INFO - New file entered pipeline: /Users/lesrene/Desktop/LabInstrument_Pipeline/data/raw/instrument_run_1777361939.json
2026-04-28 03:38:59,554 - ETL_Pipeline - INFO - Successfully ingested and added rows to database from: /Users/lesrene/Desktop/LabInstrument_Pipeline/data/raw/instrument_run_1777361939.json
2026-04-28 03:38:59,554 - ETL_Pipeline - INFO - VALIDATION_PASSED: File passed validation in /Users/lesrene/Desktop/LabInstrument_Pipeline/data/raw/instrument_run_1777361939.json
2026-04-28 03:38:59,555 - ETL_Pipeline - INFO - Moved: instrument_run_1777361939.json -> data/processed
2026-04-28 03:39:09,560 - ETL_Pipeline - INFO - New file entered pipeline: /Users/lesrene/Desktop/LabInstrument_Pipeline/data/raw/instrument_run_1777361949.json
2026-04-28 03:39:09,578 - ETL_Pipeline - INFO - Successfully ingested and added rows to database from: /Users/lesrene/Desktop/LabInstrument_Pipeline/data/raw/instrument_run_1777361949.json
2026-04-28 03:39:09,579 - ETL_Pipeline - INFO - VALIDATION_PASSED: File passed validation in /Users/lesrene/Desktop/LabInstrument_Pipeline/data/raw/instrument_run_1777361949.json
2026-04-28 03:39:09,580 - ETL_Pipeline - INFO - Moved: instrument_run_1777361949.json -> data/processed
2026-04-28 03:39:19,572 - ETL_Pipeline - INFO - New file entered pipeline: /Users/lesrene/Desktop/LabInstrument_Pipeline/data/raw/instrument_run_1777361959.json
2026-04-28 03:39:19,590 - ETL_Pipeline - INFO - Successfully ingested and added rows to database from: /Users/lesrene/Desktop/LabInstrument_Pipeline/data/raw/instrument_run_1777361959.json
2026-04-28 03:39:19,590 - ETL_Pipeline - INFO - VALIDATION_PASSED: File passed validation in /Users/lesrene/Desktop/LabInstrument_Pipeline/data/raw/instrument_run_1777361959.json
2026-04-28 03:39:19,591 - ETL_Pipeline - INFO - Moved: instrument_run_1777361959.json -> data/processed
2026-04-28 03:39:29,575 - ETL_Pipeline - INFO - New file entered pipeline: /Users/lesrene/Desktop/LabInstrument_Pipeline/data/raw/instrument_run_1777361969.json
2026-04-28 03:39:29,584 - ETL_Pipeline - INFO - Successfully ingested and added rows to database from: /Users/lesrene/Desktop/LabInstrument_Pipeline/data/raw/instrument_run_1777361969.json
2026-04-28 03:39:29,584 - ETL_Pipeline - INFO - VALIDATION_PASSED: File passed validation in /Users/lesrene/Desktop/LabInstrument_Pipeline/data/raw/instrument_run_1777361969.json
2026-04-28 03:39:29,585 - ETL_Pipeline - INFO - Moved: instrument_run_1777361969.json -> data/processed
2026-04-28 03:39:39,592 - ETL_Pipeline - INFO - New file entered pipeline: /Users/lesrene/Desktop/LabInstrument_Pipeline/data/raw/instrument_run_1777361979.json
2026-04-28 03:39:39,611 - ETL_Pipeline - INFO - Successfully ingested and added rows to database from: /Users/lesrene/Desktop/LabInstrument_Pipeline/data/raw/instrument_run_1777361979.json
2026-04-28 03:39:39,611 - ETL_Pipeline - INFO - VALIDATION_PASSED: File passed validation in /Users/lesrene/Desktop/LabInstrument_Pipeline/data/raw/instrument_run_1777361979.json
2026-04-28 03:39:39,612 - ETL_Pipeline - INFO - Moved: instrument_run_1777361979.json -> data/processed
2026-04-28 03:39:49,602 - ETL_Pipeline - INFO - New file entered pipeline: /Users/lesrene/Desktop/LabInstrument_Pipeline/data/raw/instrument_run_1777361989.json
2026-04-28 03:39:49,610 - ETL_Pipeline - INFO - Successfully ingested and added rows to database from: /Users/lesrene/Desktop/LabInstrument_Pipeline/data/raw/instrument_run_1777361989.json
2026-04-28 03:39:49,610 - ETL_Pipeline - INFO - VALIDATION_PASSED: File passed validation in /Users/lesrene/Desktop/LabInstrument_Pipeline/data/raw/instrument_run_1777361989.json
2026-04-28 03:39:49,610 - ETL_Pipeline - INFO - Moved: instrument_run_1777361989.json -> data/processed
2026-04-28 03:39:59,610 - ETL_Pipeline - INFO - New file entered pipeline: /Users/lesrene/Desktop/LabInstrument_Pipeline/data/raw/instrument_run_1777361999.json
2026-04-28 03:39:59,622 - ETL_Pipeline - INFO - Successfully ingested and added rows to database from: /Users/lesrene/Desktop/LabInstrument_Pipeline/data/raw/instrument_run_1777361999.json
2026-04-28 03:39:59,623 - ETL_Pipeline - INFO - VALIDATION_PASSED: File passed validation in /Users/lesrene/Desktop/LabInstrument_Pipeline/data/raw/instrument_run_1777361999.json
2026-04-28 03:39:59,623 - ETL_Pipeline - INFO - Moved: instrument_run_1777361999.json -> data/processed
2026-04-28 03:40:09,623 - ETL_Pipeline - INFO - New file entered pipeline: /Users/lesrene/Desktop/LabInstrument_Pipeline/data/raw/instrument_run_1777362009.json
2026-04-28 03:40:09,643 - ETL_Pipeline - INFO - Successfully ingested and added rows to database from: /Users/lesrene/Desktop/LabInstrument_Pipeline/data/raw/instrument_run_1777362009.json
2026-04-28 03:40:09,644 - ETL_Pipeline - INFO - VALIDATION_PASSED: File passed validation in /Users/lesrene/Desktop/LabInstrument_Pipeline/data/raw/instrument_run_1777362009.json
2026-04-28 03:40:09,644 - ETL_Pipeline - INFO - Moved: instrument_run_1777362009.json -> data/processed
2026-04-28 03:40:19,630 - ETL_Pipeline - INFO - New file entered pipeline: /Users/lesrene/Desktop/LabInstrument_Pipeline/data/raw/instrument_run_1777362019.json
2026-04-28 03:40:19,644 - ETL_Pipeline - INFO - Successfully ingested and added rows to database from: /Users/lesrene/Desktop/LabInstrument_Pipeline/data/raw/instrument_run_1777362019.json
2026-04-28 03:40:19,644 - ETL_Pipeline - INFO - VALIDATION_PASSED: File passed validation in /Users/lesrene/Desktop/LabInstrument_Pipeline/data/raw/instrument_run_1777362019.json
2026-04-28 03:40:19,645 - ETL_Pipeline - INFO - Moved: instrument_run_1777362019.json -> data/processed
2026-04-28 03:40:29,638 - ETL_Pipeline - INFO - New file entered pipeline: /Users/lesrene/Desktop/LabInstrument_Pipeline/data/raw/instrument_run_1777362029.json
2026-04-28 03:40:29,650 - ETL_Pipeline - INFO - Successfully ingested and added rows to database from: /Users/lesrene/Desktop/LabInstrument_Pipeline/data/raw/instrument_run_1777362029.json
2026-04-28 03:40:29,651 - ETL_Pipeline - INFO - VALIDATION_PASSED: File passed validation in /Users/lesrene/Desktop/LabInstrument_Pipeline/data/raw/instrument_run_1777362029.json
2026-04-28 03:40:29,651 - ETL_Pipeline - INFO - Moved: instrument_run_1777362029.json -> data/processed
2026-04-28 03:40:39,646 - ETL_Pipeline - INFO - New file entered pipeline: /Users/lesrene/Desktop/LabInstrument_Pipeline/data/raw/instrument_run_1777362039.json
2026-04-28 03:40:39,659 - ETL_Pipeline - INFO - Successfully ingested and added rows to database from: /Users/lesrene/Desktop/LabInstrument_Pipeline/data/raw/instrument_run_1777362039.json
2026-04-28 03:40:39,659 - ETL_Pipeline - INFO - VALIDATION_PASSED: File passed validation in /Users/lesrene/Desktop/LabInstrument_Pipeline/data/raw/instrument_run_1777362039.json
2026-04-28 03:40:39,660 - ETL_Pipeline - INFO - Moved: instrument_run_1777362039.json -> data/processed
2026-04-28 03:40:49,658 - ETL_Pipeline - INFO - New file entered pipeline: /Users/lesrene/Desktop/LabInstrument_Pipeline/data/raw/instrument_run_1777362049.json
2026-04-28 03:40:49,674 - ETL_Pipeline - INFO - Successfully ingested and added rows to database from: /Users/lesrene/Desktop/LabInstrument_Pipeline/data/raw/instrument_run_1777362049.json
2026-04-28 03:40:49,675 - ETL_Pipeline - INFO - VALIDATION_PASSED: File passed validation in /Users/lesrene/Desktop/LabInstrument_Pipeline/data/raw/instrument_run_1777362049.json
2026-04-28 03:40:49,675 - ETL_Pipeline - INFO - Moved: instrument_run_1777362049.json -> data/processed
2026-04-28 03:40:59,669 - ETL_Pipeline - INFO - New file entered pipeline: /Users/lesrene/Desktop/LabInstrument_Pipeline/data/raw/instrument_run_1777362059.json
2026-04-28 03:40:59,683 - ETL_Pipeline - INFO - Successfully ingested and added rows to database from: /Users/lesrene/Desktop/LabInstrument_Pipeline/data/raw/instrument_run_1777362059.json
2026-04-28 03:40:59,684 - ETL_Pipeline - INFO - VALIDATION_PASSED: File passed validation in /Users/lesrene/Desktop/LabInstrument_Pipeline/data/raw/instrument_run_1777362059.json
2026-04-28 03:40:59,685 - ETL_Pipeline - INFO - Moved: instrument_run_1777362059.json -> data/processed
2026-04-28 03:41:09,684 - ETL_Pipeline - INFO - New file entered pipeline: /Users/lesrene/Desktop/LabInstrument_Pipeline/data/raw/instrument_run_1777362069.json
2026-04-28 03:41:09,707 - ETL_Pipeline - INFO - Successfully ingested and added rows to database from: /Users/lesrene/Desktop/LabInstrument_Pipeline/data/raw/instrument_run_1777362069.json
2026-04-28 03:41:09,707 - ETL_Pipeline - INFO - VALIDATION_PASSED: File passed validation in /Users/lesrene/Desktop/LabInstrument_Pipeline/data/raw/instrument_run_1777362069.json
2026-04-28 03:41:09,708 - ETL_Pipeline - INFO - Moved: instrument_run_1777362069.json -> data/processed
2026-04-28 03:41:19,695 - ETL_Pipeline - INFO - New file entered pipeline: /Users/lesrene/Desktop/LabInstrument_Pipeline/data/raw/instrument_run_1777362079.json
2026-04-28 03:41:19,700 - ETL_Pipeline - ERROR - VALIDATION_FAILED: Invalid Mass: -1.0 mg in /Users/lesrene/Desktop/LabInstrument_Pipeline/data/raw/instrument_run_1777362079.json
2026-04-28 03:41:19,705 - ETL_Pipeline - INFO - Moved: instrument_run_1777362079.json -> data/quarantine
2026-04-28 03:41:29,700 - ETL_Pipeline - INFO - New file entered pipeline: /Users/lesrene/Desktop/LabInstrument_Pipeline/data/raw/instrument_run_1777362089.json
2026-04-28 03:41:29,717 - ETL_Pipeline - INFO - Successfully ingested and added rows to database from: /Users/lesrene/Desktop/LabInstrument_Pipeline/data/raw/instrument_run_1777362089.json
2026-04-28 03:41:29,717 - ETL_Pipeline - INFO - VALIDATION_PASSED: File passed validation in /Users/lesrene/Desktop/LabInstrument_Pipeline/data/raw/instrument_run_1777362089.json
2026-04-28 03:41:29,718 - ETL_Pipeline - INFO - Moved: instrument_run_1777362089.json -> data/processed
2026-04-28 03:41:39,717 - ETL_Pipeline - INFO - New file entered pipeline: /Users/lesrene/Desktop/LabInstrument_Pipeline/data/raw/instrument_run_1777362099.json
2026-04-28 03:41:39,737 - ETL_Pipeline - INFO - Successfully ingested and added rows to database from: /Users/lesrene/Desktop/LabInstrument_Pipeline/data/raw/instrument_run_1777362099.json
2026-04-28 03:41:39,737 - ETL_Pipeline - INFO - VALIDATION_PASSED: File passed validation in /Users/lesrene/Desktop/LabInstrument_Pipeline/data/raw/instrument_run_1777362099.json
2026-04-28 03:41:39,738 - ETL_Pipeline - INFO - Moved: instrument_run_1777362099.json -> data/processed
2026-04-28 03:41:49,726 - ETL_Pipeline - INFO - New file entered pipeline: /Users/lesrene/Desktop/LabInstrument_Pipeline/data/raw/instrument_run_1777362109.json
2026-04-28 03:41:49,744 - ETL_Pipeline - INFO - Successfully ingested and added rows to database from: /Users/lesrene/Desktop/LabInstrument_Pipeline/data/raw/instrument_run_1777362109.json
2026-04-28 03:41:49,744 - ETL_Pipeline - INFO - VALIDATION_PASSED: File passed validation in /Users/lesrene/Desktop/LabInstrument_Pipeline/data/raw/instrument_run_1777362109.json
2026-04-28 03:41:49,744 - ETL_Pipeline - INFO - Moved: instrument_run_1777362109.json -> data/processed
2026-04-28 03:41:59,730 - ETL_Pipeline - INFO - New file entered pipeline: /Users/lesrene/Desktop/LabInstrument_Pipeline/data/raw/instrument_run_1777362119.json
2026-04-28 03:41:59,740 - ETL_Pipeline - INFO - Successfully ingested and added rows to database from: /Users/lesrene/Desktop/LabInstrument_Pipeline/data/raw/instrument_run_1777362119.json
2026-04-28 03:41:59,740 - ETL_Pipeline - INFO - VALIDATION_PASSED: File passed validation in /Users/lesrene/Desktop/LabInstrument_Pipeline/data/raw/instrument_run_1777362119.json
2026-04-28 03:41:59,741 - ETL_Pipeline - INFO - Moved: instrument_run_1777362119.json -> data/processed
2026-04-28 03:42:09,748 - ETL_Pipeline - INFO - New file entered pipeline: /Users/lesrene/Desktop/LabInstrument_Pipeline/data/raw/instrument_run_1777362129.json
2026-04-28 03:42:09,770 - ETL_Pipeline - INFO - Successfully ingested and added rows to database from: /Users/lesrene/Desktop/LabInstrument_Pipeline/data/raw/instrument_run_1777362129.json
2026-04-28 03:42:09,770 - ETL_Pipeline - INFO - VALIDATION_PASSED: File passed validation in /Users/lesrene/Desktop/LabInstrument_Pipeline/data/raw/instrument_run_1777362129.json
2026-04-28 03:42:09,771 - ETL_Pipeline - INFO - Moved: instrument_run_1777362129.json -> data/processed
2026-04-28 03:42:19,761 - ETL_Pipeline - INFO - New file entered pipeline: /Users/lesrene/Desktop/LabInstrument_Pipeline/data/raw/instrument_run_1777362139.json
2026-04-28 03:42:19,779 - ETL_Pipeline - INFO - Successfully ingested and added rows to database from: /Users/lesrene/Desktop/LabInstrument_Pipeline/data/raw/instrument_run_1777362139.json
2026-04-28 03:42:19,780 - ETL_Pipeline - INFO - VALIDATION_PASSED: File passed validation in /Users/lesrene/Desktop/LabInstrument_Pipeline/data/raw/instrument_run_1777362139.json
2026-04-28 03:42:19,780 - ETL_Pipeline - INFO - Moved: instrument_run_1777362139.json -> data/processed
2026-04-28 03:42:29,772 - ETL_Pipeline - INFO - New file entered pipeline: /Users/lesrene/Desktop/LabInstrument_Pipeline/data/raw/instrument_run_1777362149.json
2026-04-28 03:42:29,788 - ETL_Pipeline - INFO - Successfully ingested and added rows to database from: /Users/lesrene/Desktop/LabInstrument_Pipeline/data/raw/instrument_run_1777362149.json
2026-04-28 03:42:29,788 - ETL_Pipeline - INFO - VALIDATION_PASSED: File passed validation in /Users/lesrene/Desktop/LabInstrument_Pipeline/data/raw/instrument_run_1777362149.json
2026-04-28 03:42:29,789 - ETL_Pipeline - INFO - Moved: instrument_run_1777362149.json -> data/processed
2026-04-28 03:42:39,785 - ETL_Pipeline - INFO - New file entered pipeline: /Users/lesrene/Desktop/LabInstrument_Pipeline/data/raw/instrument_run_1777362159.json
2026-04-28 03:42:39,809 - ETL_Pipeline - INFO - Successfully ingested and added rows to database from: /Users/lesrene/Desktop/LabInstrument_Pipeline/data/raw/instrument_run_1777362159.json
2026-04-28 03:42:39,809 - ETL_Pipeline - INFO - VALIDATION_PASSED: File passed validation in /Users/lesrene/Desktop/LabInstrument_Pipeline/data/raw/instrument_run_1777362159.json
2026-04-28 03:42:39,810 - ETL_Pipeline - INFO - Moved: instrument_run_1777362159.json -> data/processed
2026-04-28 03:42:49,797 - ETL_Pipeline - INFO - New file entered pipeline: /Users/lesrene/Desktop/LabInstrument_Pipeline/data/raw/instrument_run_1777362169.json
2026-04-28 03:42:49,814 - ETL_Pipeline - INFO - Successfully ingested and added rows to database from: /Users/lesrene/Desktop/LabInstrument_Pipeline/data/raw/instrument_run_1777362169.json
2026-04-28 03:42:49,815 - ETL_Pipeline - INFO - VALIDATION_PASSED: File passed validation in /Users/lesrene/Desktop/LabInstrument_Pipeline/data/raw/instrument_run_1777362169.json
2026-04-28 03:42:49,815 - ETL_Pipeline - INFO - Moved: instrument_run_1777362169.json -> data/processed
2026-04-28 03:42:59,807 - ETL_Pipeline - INFO - New file entered pipeline: /Users/lesrene/Desktop/LabInstrument_Pipeline/data/raw/instrument_run_1777362179.json
2026-04-28 03:42:59,826 - ETL_Pipeline - INFO - Successfully ingested and added rows to database from: /Users/lesrene/Desktop/LabInstrument_Pipeline/data/raw/instrument_run_1777362179.json
2026-04-28 03:42:59,826 - ETL_Pipeline - INFO - VALIDATION_PASSED: File passed validation in /Users/lesrene/Desktop/LabInstrument_Pipeline/data/raw/instrument_run_1777362179.json
2026-04-28 03:42:59,827 - ETL_Pipeline - INFO - Moved: instrument_run_1777362179.json -> data/processed
2026-04-28 03:43:09,827 - ETL_Pipeline - INFO - New file entered pipeline: /Users/lesrene/Desktop/LabInstrument_Pipeline/data/raw/instrument_run_1777362189.json
2026-04-28 03:43:09,842 - ETL_Pipeline - INFO - Successfully ingested and added rows to database from: /Users/lesrene/Desktop/LabInstrument_Pipeline/data/raw/instrument_run_1777362189.json
2026-04-28 03:43:09,843 - ETL_Pipeline - INFO - VALIDATION_PASSED: File passed validation in /Users/lesrene/Desktop/LabInstrument_Pipeline/data/raw/instrument_run_1777362189.json
2026-04-28 03:43:09,843 - ETL_Pipeline - INFO - Moved: instrument_run_1777362189.json -> data/processed
2026-04-28 03:43:19,839 - ETL_Pipeline - INFO - New file entered pipeline: /Users/lesrene/Desktop/LabInstrument_Pipeline/data/raw/instrument_run_NULL.json
2026-04-28 03:43:19,850 - ETL_Pipeline - INFO - Successfully ingested and added rows to database from: /Users/lesrene/Desktop/LabInstrument_Pipeline/data/raw/instrument_run_NULL.json
2026-04-28 03:43:19,851 - ETL_Pipeline - INFO - VALIDATION_PASSED: File passed validation in /Users/lesrene/Desktop/LabInstrument_Pipeline/data/raw/instrument_run_NULL.json
2026-04-28 03:43:19,851 - ETL_Pipeline - INFO - Moved: instrument_run_NULL.json -> data/processed
2026-04-28 03:43:29,849 - ETL_Pipeline - INFO - New file entered pipeline: /Users/lesrene/Desktop/LabInstrument_Pipeline/data/raw/instrument_run_1777362209.json
2026-04-28 03:43:29,872 - ETL_Pipeline - INFO - Successfully ingested and added rows to database from: /Users/lesrene/Desktop/LabInstrument_Pipeline/data/raw/instrument_run_1777362209.json
2026-04-28 03:43:29,873 - ETL_Pipeline - INFO - VALIDATION_PASSED: File passed validation in /Users/lesrene/Desktop/LabInstrument_Pipeline/data/raw/instrument_run_1777362209.json
2026-04-28 03:43:29,873 - ETL_Pipeline - INFO - Moved: instrument_run_1777362209.json -> data/processed
2026-04-28 03:43:39,854 - ETL_Pipeline - INFO - New file entered pipeline: /Users/lesrene/Desktop/LabInstrument_Pipeline/data/raw/instrument_run_1777362219.json
2026-04-28 03:43:39,868 - ETL_Pipeline - INFO - Successfully ingested and added rows to database from: /Users/lesrene/Desktop/LabInstrument_Pipeline/data/raw/instrument_run_1777362219.json
2026-04-28 03:43:39,868 - ETL_Pipeline - INFO - VALIDATION_PASSED: File passed validation in /Users/lesrene/Desktop/LabInstrument_Pipeline/data/raw/instrument_run_1777362219.json
2026-04-28 03:43:39,869 - ETL_Pipeline - INFO - Moved: instrument_run_1777362219.json -> data/processed
2026-04-28 03:43:49,870 - ETL_Pipeline - INFO - New file entered pipeline: /Users/lesrene/Desktop/LabInstrument_Pipeline/data/raw/instrument_run_1777362229.json
2026-04-28 03:43:49,900 - ETL_Pipeline - INFO - Successfully ingested and added rows to database from: /Users/lesrene/Desktop/LabInstrument_Pipeline/data/raw/instrument_run_1777362229.json
2026-04-28 03:43:49,900 - ETL_Pipeline - INFO - VALIDATION_PASSED: File passed validation in /Users/lesrene/Desktop/LabInstrument_Pipeline/data/raw/instrument_run_1777362229.json
2026-04-28 03:43:49,901 - ETL_Pipeline - INFO - Moved: instrument_run_1777362229.json -> data/processed
2026-04-28 03:43:59,875 - ETL_Pipeline - INFO - New file entered pipeline: /Users/lesrene/Desktop/LabInstrument_Pipeline/data/raw/instrument_run_1777362239.json
2026-04-28 03:43:59,889 - ETL_Pipeline - INFO - Successfully ingested and added rows to database from: /Users/lesrene/Desktop/LabInstrument_Pipeline/data/raw/instrument_run_1777362239.json
2026-04-28 03:43:59,889 - ETL_Pipeline - INFO - VALIDATION_PASSED: File passed validation in /Users/lesrene/Desktop/LabInstrument_Pipeline/data/raw/instrument_run_1777362239.json
2026-04-28 03:43:59,890 - ETL_Pipeline - INFO - Moved: instrument_run_1777362239.json -> data/processed
2026-04-28 03:44:09,889 - ETL_Pipeline - INFO - New file entered pipeline: /Users/lesrene/Desktop/LabInstrument_Pipeline/data/raw/instrument_run_1777362249.json
2026-04-28 03:44:09,920 - ETL_Pipeline - INFO - Successfully ingested and added rows to database from: /Users/lesrene/Desktop/LabInstrument_Pipeline/data/raw/instrument_run_1777362249.json
2026-04-28 03:44:09,920 - ETL_Pipeline - INFO - VALIDATION_PASSED: File passed validation in /Users/lesrene/Desktop/LabInstrument_Pipeline/data/raw/instrument_run_1777362249.json
2026-04-28 03:44:09,921 - ETL_Pipeline - INFO - Moved: instrument_run_1777362249.json -> data/processed
2026-04-28 03:44:19,898 - ETL_Pipeline - INFO - New file entered pipeline: /Users/lesrene/Desktop/LabInstrument_Pipeline/data/raw/instrument_run_1777362259.json
2026-04-28 03:44:19,911 - ETL_Pipeline - INFO - Successfully ingested and added rows to database from: /Users/lesrene/Desktop/LabInstrument_Pipeline/data/raw/instrument_run_1777362259.json
2026-04-28 03:44:19,911 - ETL_Pipeline - INFO - VALIDATION_PASSED: File passed validation in /Users/lesrene/Desktop/LabInstrument_Pipeline/data/raw/instrument_run_1777362259.json
2026-04-28 03:44:19,912 - ETL_Pipeline - INFO - Moved: instrument_run_1777362259.json -> data/processed
2026-04-28 03:44:29,912 - ETL_Pipeline - INFO - New file entered pipeline: /Users/lesrene/Desktop/LabInstrument_Pipeline/data/raw/instrument_run_1777362269.json
2026-04-28 03:44:29,928 - ETL_Pipeline - INFO - Successfully ingested and added rows to database from: /Users/lesrene/Desktop/LabInstrument_Pipeline/data/raw/instrument_run_1777362269.json
2026-04-28 03:44:29,929 - ETL_Pipeline - INFO - VALIDATION_PASSED: File passed validation in /Users/lesrene/Desktop/LabInstrument_Pipeline/data/raw/instrument_run_1777362269.json
2026-04-28 03:44:29,929 - ETL_Pipeline - INFO - Moved: instrument_run_1777362269.json -> data/processed
2026-04-28 03:44:39,924 - ETL_Pipeline - INFO - New file entered pipeline: /Users/lesrene/Desktop/LabInstrument_Pipeline/data/raw/instrument_run_1777362279.json
2026-04-28 03:44:39,951 - ETL_Pipeline - INFO - Successfully ingested and added rows to database from: /Users/lesrene/Desktop/LabInstrument_Pipeline/data/raw/instrument_run_1777362279.json
2026-04-28 03:44:39,952 - ETL_Pipeline - INFO - VALIDATION_PASSED: File passed validation in /Users/lesrene/Desktop/LabInstrument_Pipeline/data/raw/instrument_run_1777362279.json
2026-04-28 03:44:39,952 - ETL_Pipeline - INFO - Moved: instrument_run_1777362279.json -> data/processed
2026-04-28 03:44:49,936 - ETL_Pipeline - INFO - New file entered pipeline: /Users/lesrene/Desktop/LabInstrument_Pipeline/data/raw/instrument_run_1777362289.json
2026-04-28 03:44:49,955 - ETL_Pipeline - INFO - Successfully ingested and added rows to database from: /Users/lesrene/Desktop/LabInstrument_Pipeline/data/raw/instrument_run_1777362289.json
2026-04-28 03:44:49,955 - ETL_Pipeline - INFO - VALIDATION_PASSED: File passed validation in /Users/lesrene/Desktop/LabInstrument_Pipeline/data/raw/instrument_run_1777362289.json
2026-04-28 03:44:49,955 - ETL_Pipeline - INFO - Moved: instrument_run_1777362289.json -> data/processed
2026-04-28 03:44:59,943 - ETL_Pipeline - INFO - New file entered pipeline: /Users/lesrene/Desktop/LabInstrument_Pipeline/data/raw/instrument_run_1777362299.json
2026-04-28 03:44:59,978 - ETL_Pipeline - INFO - Successfully ingested and added rows to database from: /Users/lesrene/Desktop/LabInstrument_Pipeline/data/raw/instrument_run_1777362299.json
2026-04-28 03:44:59,978 - ETL_Pipeline - INFO - VALIDATION_PASSED: File passed validation in /Users/lesrene/Desktop/LabInstrument_Pipeline/data/raw/instrument_run_1777362299.json
2026-04-28 03:44:59,979 - ETL_Pipeline - INFO - Moved: instrument_run_1777362299.json -> data/processed
2026-04-28 03:45:09,960 - ETL_Pipeline - INFO - New file entered pipeline: /Users/lesrene/Desktop/LabInstrument_Pipeline/data/raw/instrument_run_1777362309.json
2026-04-28 03:45:09,981 - ETL_Pipeline - INFO - Successfully ingested and added rows to database from: /Users/lesrene/Desktop/LabInstrument_Pipeline/data/raw/instrument_run_1777362309.json
2026-04-28 03:45:09,981 - ETL_Pipeline - INFO - VALIDATION_PASSED: File passed validation in /Users/lesrene/Desktop/LabInstrument_Pipeline/data/raw/instrument_run_1777362309.json
2026-04-28 03:45:09,982 - ETL_Pipeline - INFO - Moved: instrument_run_1777362309.json -> data/processed
2026-04-28 03:45:19,964 - ETL_Pipeline - INFO - New file entered pipeline: /Users/lesrene/Desktop/LabInstrument_Pipeline/data/raw/instrument_run_1777362319.json
2026-04-28 03:45:19,978 - ETL_Pipeline - INFO - Successfully ingested and added rows to database from: /Users/lesrene/Desktop/LabInstrument_Pipeline/data/raw/instrument_run_1777362319.json
2026-04-28 03:45:19,978 - ETL_Pipeline - INFO - VALIDATION_PASSED: File passed validation in /Users/lesrene/Desktop/LabInstrument_Pipeline/data/raw/instrument_run_1777362319.json
2026-04-28 03:45:19,979 - ETL_Pipeline - INFO - Moved: instrument_run_1777362319.json -> data/processed
2026-04-28 03:45:29,981 - ETL_Pipeline - INFO - New file entered pipeline: /Users/lesrene/Desktop/LabInstrument_Pipeline/data/raw/instrument_run_1777362329.json
2026-04-28 03:45:29,996 - ETL_Pipeline - INFO - Successfully ingested and added rows to database from: /Users/lesrene/Desktop/LabInstrument_Pipeline/data/raw/instrument_run_1777362329.json
2026-04-28 03:45:29,996 - ETL_Pipeline - INFO - VALIDATION_PASSED: File passed validation in /Users/lesrene/Desktop/LabInstrument_Pipeline/data/raw/instrument_run_1777362329.json
2026-04-28 03:45:29,997 - ETL_Pipeline - INFO - Moved: instrument_run_1777362329.json -> data/processed
2026-04-28 03:45:39,987 - ETL_Pipeline - INFO - New file entered pipeline: /Users/lesrene/Desktop/LabInstrument_Pipeline/data/raw/instrument_run_1777362339.json
2026-04-28 03:45:40,001 - ETL_Pipeline - INFO - Successfully ingested and added rows to database from: /Users/lesrene/Desktop/LabInstrument_Pipeline/data/raw/instrument_run_1777362339.json
2026-04-28 03:45:40,002 - ETL_Pipeline - INFO - VALIDATION_PASSED: File passed validation in /Users/lesrene/Desktop/LabInstrument_Pipeline/data/raw/instrument_run_1777362339.json
2026-04-28 03:45:40,002 - ETL_Pipeline - INFO - Moved: instrument_run_1777362339.json -> data/processed
2026-04-28 03:45:50,003 - ETL_Pipeline - INFO - New file entered pipeline: /Users/lesrene/Desktop/LabInstrument_Pipeline/data/raw/instrument_run_1777362349.json
2026-04-28 03:45:50,012 - ETL_Pipeline - INFO - Successfully ingested and added rows to database from: /Users/lesrene/Desktop/LabInstrument_Pipeline/data/raw/instrument_run_1777362349.json
2026-04-28 03:45:50,013 - ETL_Pipeline - INFO - VALIDATION_PASSED: File passed validation in /Users/lesrene/Desktop/LabInstrument_Pipeline/data/raw/instrument_run_1777362349.json
2026-04-28 03:45:50,013 - ETL_Pipeline - INFO - Moved: instrument_run_1777362349.json -> data/processed
2026-04-28 03:46:00,030 - ETL_Pipeline - INFO - New file entered pipeline: /Users/lesrene/Desktop/LabInstrument_Pipeline/data/raw/instrument_run_1777362359.json
2026-04-28 03:46:00,034 - ETL_Pipeline - ERROR - VALIDATION_FAILED: Invalid Mass: -1.0 mg in /Users/lesrene/Desktop/LabInstrument_Pipeline/data/raw/instrument_run_1777362359.json
2026-04-28 03:46:00,038 - ETL_Pipeline - INFO - Moved: instrument_run_1777362359.json -> data/quarantine
2026-04-28 03:46:10,039 - ETL_Pipeline - INFO - New file entered pipeline: /Users/lesrene/Desktop/LabInstrument_Pipeline/data/raw/instrument_run_1777362370.json
2026-04-28 03:46:10,070 - ETL_Pipeline - INFO - Successfully ingested and added rows to database from: /Users/lesrene/Desktop/LabInstrument_Pipeline/data/raw/instrument_run_1777362370.json
2026-04-28 03:46:10,070 - ETL_Pipeline - INFO - VALIDATION_PASSED: File passed validation in /Users/lesrene/Desktop/LabInstrument_Pipeline/data/raw/instrument_run_1777362370.json
2026-04-28 03:46:10,071 - ETL_Pipeline - INFO - Moved: instrument_run_1777362370.json -> data/processed
2026-04-28 03:46:20,041 - ETL_Pipeline - INFO - New file entered pipeline: /Users/lesrene/Desktop/LabInstrument_Pipeline/data/raw/instrument_run_1777362380.json
2026-04-28 03:46:20,046 - ETL_Pipeline - ERROR - VALIDATION_FAILED: Invalid Mass: -1.0 mg in /Users/lesrene/Desktop/LabInstrument_Pipeline/data/raw/instrument_run_1777362380.json
2026-04-28 03:46:20,049 - ETL_Pipeline - INFO - Moved: instrument_run_1777362380.json -> data/quarantine
2026-04-28 03:46:30,055 - ETL_Pipeline - INFO - New file entered pipeline: /Users/lesrene/Desktop/LabInstrument_Pipeline/data/raw/instrument_run_1777362390.json
2026-04-28 03:46:30,077 - ETL_Pipeline - INFO - Successfully ingested and added rows to database from: /Users/lesrene/Desktop/LabInstrument_Pipeline/data/raw/instrument_run_1777362390.json
2026-04-28 03:46:30,078 - ETL_Pipeline - INFO - VALIDATION_PASSED: File passed validation in /Users/lesrene/Desktop/LabInstrument_Pipeline/data/raw/instrument_run_1777362390.json
2026-04-28 03:46:30,079 - ETL_Pipeline - INFO - Moved: instrument_run_1777362390.json -> data/processed
2026-04-28 03:46:40,079 - ETL_Pipeline - INFO - New file entered pipeline: /Users/lesrene/Desktop/LabInstrument_Pipeline/data/raw/instrument_run_1777362400.json
2026-04-28 03:46:40,096 - ETL_Pipeline - INFO - Successfully ingested and added rows to database from: /Users/lesrene/Desktop/LabInstrument_Pipeline/data/raw/instrument_run_1777362400.json
2026-04-28 03:46:40,096 - ETL_Pipeline - INFO - VALIDATION_PASSED: File passed validation in /Users/lesrene/Desktop/LabInstrument_Pipeline/data/raw/instrument_run_1777362400.json
2026-04-28 03:46:40,096 - ETL_Pipeline - INFO - Moved: instrument_run_1777362400.json -> data/processed
2026-04-28 03:46:50,103 - ETL_Pipeline - INFO - New file entered pipeline: /Users/lesrene/Desktop/LabInstrument_Pipeline/data/raw/instrument_run_1777362410.json
2026-04-28 03:46:50,125 - ETL_Pipeline - INFO - Successfully ingested and added rows to database from: /Users/lesrene/Desktop/LabInstrument_Pipeline/data/raw/instrument_run_1777362410.json
2026-04-28 03:46:50,125 - ETL_Pipeline - INFO - VALIDATION_PASSED: File passed validation in /Users/lesrene/Desktop/LabInstrument_Pipeline/data/raw/instrument_run_1777362410.json
2026-04-28 03:46:50,126 - ETL_Pipeline - INFO - Moved: instrument_run_1777362410.json -> data/processed
2026-04-28 03:47:00,116 - ETL_Pipeline - INFO - New file entered pipeline: /Users/lesrene/Desktop/LabInstrument_Pipeline/data/raw/instrument_run_1777362420.json
2026-04-28 03:47:00,143 - ETL_Pipeline - INFO - Successfully ingested and added rows to database from: /Users/lesrene/Desktop/LabInstrument_Pipeline/data/raw/instrument_run_1777362420.json
2026-04-28 03:47:00,144 - ETL_Pipeline - INFO - VALIDATION_PASSED: File passed validation in /Users/lesrene/Desktop/LabInstrument_Pipeline/data/raw/instrument_run_1777362420.json
2026-04-28 03:47:00,145 - ETL_Pipeline - INFO - Moved: instrument_run_1777362420.json -> data/processed
2026-04-28 03:47:10,123 - ETL_Pipeline - INFO - New file entered pipeline: /Users/lesrene/Desktop/LabInstrument_Pipeline/data/raw/instrument_run_1777362430.json
2026-04-28 03:47:10,139 - ETL_Pipeline - INFO - Successfully ingested and added rows to database from: /Users/lesrene/Desktop/LabInstrument_Pipeline/data/raw/instrument_run_1777362430.json
2026-04-28 03:47:10,139 - ETL_Pipeline - INFO - VALIDATION_PASSED: File passed validation in /Users/lesrene/Desktop/LabInstrument_Pipeline/data/raw/instrument_run_1777362430.json
2026-04-28 03:47:10,140 - ETL_Pipeline - INFO - Moved: instrument_run_1777362430.json -> data/processed
2026-04-28 03:47:20,129 - ETL_Pipeline - INFO - New file entered pipeline: /Users/lesrene/Desktop/LabInstrument_Pipeline/data/raw/instrument_run_1777362440.json
2026-04-28 03:47:20,142 - ETL_Pipeline - INFO - Successfully ingested and added rows to database from: /Users/lesrene/Desktop/LabInstrument_Pipeline/data/raw/instrument_run_1777362440.json
2026-04-28 03:47:20,143 - ETL_Pipeline - INFO - VALIDATION_PASSED: File passed validation in /Users/lesrene/Desktop/LabInstrument_Pipeline/data/raw/instrument_run_1777362440.json
2026-04-28 03:47:20,143 - ETL_Pipeline - INFO - Moved: instrument_run_1777362440.json -> data/processed
2026-04-28 03:47:30,147 - ETL_Pipeline - INFO - New file entered pipeline: /Users/lesrene/Desktop/LabInstrument_Pipeline/data/raw/instrument_run_1777362450.json
2026-04-28 03:47:30,171 - ETL_Pipeline - INFO - Successfully ingested and added rows to database from: /Users/lesrene/Desktop/LabInstrument_Pipeline/data/raw/instrument_run_1777362450.json
2026-04-28 03:47:30,172 - ETL_Pipeline - INFO - VALIDATION_PASSED: File passed validation in /Users/lesrene/Desktop/LabInstrument_Pipeline/data/raw/instrument_run_1777362450.json
2026-04-28 03:47:30,172 - ETL_Pipeline - INFO - Moved: instrument_run_1777362450.json -> data/processed
2026-04-28 03:47:40,152 - ETL_Pipeline - INFO - New file entered pipeline: /Users/lesrene/Desktop/LabInstrument_Pipeline/data/raw/instrument_run_1777362460.json
2026-04-28 03:47:40,172 - ETL_Pipeline - INFO - Successfully ingested and added rows to database from: /Users/lesrene/Desktop/LabInstrument_Pipeline/data/raw/instrument_run_1777362460.json
2026-04-28 03:47:40,172 - ETL_Pipeline - INFO - VALIDATION_PASSED: File passed validation in /Users/lesrene/Desktop/LabInstrument_Pipeline/data/raw/instrument_run_1777362460.json
2026-04-28 03:47:40,173 - ETL_Pipeline - INFO - Moved: instrument_run_1777362460.json -> data/processed
2026-04-28 03:47:50,166 - ETL_Pipeline - INFO - New file entered pipeline: /Users/lesrene/Desktop/LabInstrument_Pipeline/data/raw/instrument_run_1777362470.json
2026-04-28 03:47:50,202 - ETL_Pipeline - INFO - Successfully ingested and added rows to database from: /Users/lesrene/Desktop/LabInstrument_Pipeline/data/raw/instrument_run_1777362470.json
2026-04-28 03:47:50,203 - ETL_Pipeline - INFO - VALIDATION_PASSED: File passed validation in /Users/lesrene/Desktop/LabInstrument_Pipeline/data/raw/instrument_run_1777362470.json
2026-04-28 03:47:50,204 - ETL_Pipeline - INFO - Moved: instrument_run_1777362470.json -> data/processed
2026-04-28 03:48:00,175 - ETL_Pipeline - INFO - New file entered pipeline: /Users/lesrene/Desktop/LabInstrument_Pipeline/data/raw/instrument_run_1777362480.json
2026-04-28 03:48:00,205 - ETL_Pipeline - INFO - Successfully ingested and added rows to database from: /Users/lesrene/Desktop/LabInstrument_Pipeline/data/raw/instrument_run_1777362480.json
2026-04-28 03:48:00,205 - ETL_Pipeline - INFO - VALIDATION_PASSED: File passed validation in /Users/lesrene/Desktop/LabInstrument_Pipeline/data/raw/instrument_run_1777362480.json
2026-04-28 03:48:00,206 - ETL_Pipeline - INFO - Moved: instrument_run_1777362480.json -> data/processed
2026-04-28 03:48:10,185 - ETL_Pipeline - INFO - New file entered pipeline: /Users/lesrene/Desktop/LabInstrument_Pipeline/data/raw/instrument_run_1777362490.json
2026-04-28 03:48:10,340 - ETL_Pipeline - INFO - Successfully ingested and added rows to database from: /Users/lesrene/Desktop/LabInstrument_Pipeline/data/raw/instrument_run_1777362490.json
2026-04-28 03:48:10,340 - ETL_Pipeline - INFO - VALIDATION_PASSED: File passed validation in /Users/lesrene/Desktop/LabInstrument_Pipeline/data/raw/instrument_run_1777362490.json
2026-04-28 03:48:10,341 - ETL_Pipeline - INFO - Moved: instrument_run_1777362490.json -> data/processed
2026-04-28 03:48:20,194 - ETL_Pipeline - INFO - New file entered pipeline: /Users/lesrene/Desktop/LabInstrument_Pipeline/data/raw/instrument_run_1777362500.json
2026-04-28 03:48:20,212 - ETL_Pipeline - INFO - Successfully ingested and added rows to database from: /Users/lesrene/Desktop/LabInstrument_Pipeline/data/raw/instrument_run_1777362500.json
2026-04-28 03:48:20,212 - ETL_Pipeline - INFO - VALIDATION_PASSED: File passed validation in /Users/lesrene/Desktop/LabInstrument_Pipeline/data/raw/instrument_run_1777362500.json
2026-04-28 03:48:20,213 - ETL_Pipeline - INFO - Moved: instrument_run_1777362500.json -> data/processed
2026-04-28 03:48:30,207 - ETL_Pipeline - INFO - New file entered pipeline: /Users/lesrene/Desktop/LabInstrument_Pipeline/data/raw/instrument_run_1777362510.json
2026-04-28 03:48:30,211 - ETL_Pipeline - ERROR - VALIDATION_FAILED: Invalid Mass: -1.0 mg in /Users/lesrene/Desktop/LabInstrument_Pipeline/data/raw/instrument_run_1777362510.json
2026-04-28 03:48:30,214 - ETL_Pipeline - INFO - Moved: instrument_run_1777362510.json -> data/quarantine
2026-04-28 03:48:40,215 - ETL_Pipeline - INFO - New file entered pipeline: /Users/lesrene/Desktop/LabInstrument_Pipeline/data/raw/instrument_run_1777362520.json
2026-04-28 03:48:40,232 - ETL_Pipeline - INFO - Successfully ingested and added rows to database from: /Users/lesrene/Desktop/LabInstrument_Pipeline/data/raw/instrument_run_1777362520.json
2026-04-28 03:48:40,232 - ETL_Pipeline - INFO - VALIDATION_PASSED: File passed validation in /Users/lesrene/Desktop/LabInstrument_Pipeline/data/raw/instrument_run_1777362520.json
2026-04-28 03:48:40,233 - ETL_Pipeline - INFO - Moved: instrument_run_1777362520.json -> data/processed
2026-04-28 03:48:50,219 - ETL_Pipeline - INFO - New file entered pipeline: /Users/lesrene/Desktop/LabInstrument_Pipeline/data/raw/instrument_run_1777362530.json
2026-04-28 03:48:50,229 - ETL_Pipeline - INFO - Successfully ingested and added rows to database from: /Users/lesrene/Desktop/LabInstrument_Pipeline/data/raw/instrument_run_1777362530.json
2026-04-28 03:48:50,230 - ETL_Pipeline - INFO - VALIDATION_PASSED: File passed validation in /Users/lesrene/Desktop/LabInstrument_Pipeline/data/raw/instrument_run_1777362530.json
2026-04-28 03:48:50,230 - ETL_Pipeline - INFO - Moved: instrument_run_1777362530.json -> data/processed
2026-04-28 03:49:00,224 - ETL_Pipeline - INFO - New file entered pipeline: /Users/lesrene/Desktop/LabInstrument_Pipeline/data/raw/instrument_run_1777362540.json
2026-04-28 03:49:00,234 - ETL_Pipeline - INFO - Successfully ingested and added rows to database from: /Users/lesrene/Desktop/LabInstrument_Pipeline/data/raw/instrument_run_1777362540.json
2026-04-28 03:49:00,234 - ETL_Pipeline - INFO - VALIDATION_PASSED: File passed validation in /Users/lesrene/Desktop/LabInstrument_Pipeline/data/raw/instrument_run_1777362540.json
2026-04-28 03:49:00,235 - ETL_Pipeline - INFO - Moved: instrument_run_1777362540.json -> data/processed
2026-04-28 03:49:10,233 - ETL_Pipeline - INFO - New file entered pipeline: /Users/lesrene/Desktop/LabInstrument_Pipeline/data/raw/instrument_run_1777362550.json
2026-04-28 03:49:10,257 - ETL_Pipeline - INFO - Successfully ingested and added rows to database from: /Users/lesrene/Desktop/LabInstrument_Pipeline/data/raw/instrument_run_1777362550.json
2026-04-28 03:49:10,257 - ETL_Pipeline - INFO - VALIDATION_PASSED: File passed validation in /Users/lesrene/Desktop/LabInstrument_Pipeline/data/raw/instrument_run_1777362550.json
2026-04-28 03:49:10,258 - ETL_Pipeline - INFO - Moved: instrument_run_1777362550.json -> data/processed
2026-04-28 03:49:20,251 - ETL_Pipeline - INFO - New file entered pipeline: /Users/lesrene/Desktop/LabInstrument_Pipeline/data/raw/instrument_run_1777362560.json
2026-04-28 03:49:20,275 - ETL_Pipeline - INFO - Successfully ingested and added rows to database from: /Users/lesrene/Desktop/LabInstrument_Pipeline/data/raw/instrument_run_1777362560.json
2026-04-28 03:49:20,275 - ETL_Pipeline - INFO - VALIDATION_PASSED: File passed validation in /Users/lesrene/Desktop/LabInstrument_Pipeline/data/raw/instrument_run_1777362560.json
2026-04-28 03:49:20,275 - ETL_Pipeline - INFO - Moved: instrument_run_1777362560.json -> data/processed
2026-04-28 03:49:30,261 - ETL_Pipeline - INFO - New file entered pipeline: /Users/lesrene/Desktop/LabInstrument_Pipeline/data/raw/instrument_run_1777362570.json
2026-04-28 03:49:30,286 - ETL_Pipeline - INFO - Successfully ingested and added rows to database from: /Users/lesrene/Desktop/LabInstrument_Pipeline/data/raw/instrument_run_1777362570.json
2026-04-28 03:49:30,286 - ETL_Pipeline - INFO - VALIDATION_PASSED: File passed validation in /Users/lesrene/Desktop/LabInstrument_Pipeline/data/raw/instrument_run_1777362570.json
2026-04-28 03:49:30,287 - ETL_Pipeline - INFO - Moved: instrument_run_1777362570.json -> data/processed
2026-04-28 03:49:40,266 - ETL_Pipeline - INFO - New file entered pipeline: /Users/lesrene/Desktop/LabInstrument_Pipeline/data/raw/instrument_run_1777362580.json
2026-04-28 03:49:40,279 - ETL_Pipeline - INFO - Successfully ingested and added rows to database from: /Users/lesrene/Desktop/LabInstrument_Pipeline/data/raw/instrument_run_1777362580.json
2026-04-28 03:49:40,279 - ETL_Pipeline - INFO - VALIDATION_PASSED: File passed validation in /Users/lesrene/Desktop/LabInstrument_Pipeline/data/raw/instrument_run_1777362580.json
2026-04-28 03:49:40,280 - ETL_Pipeline - INFO - Moved: instrument_run_1777362580.json -> data/processed
2026-04-28 03:49:50,285 - ETL_Pipeline - INFO - New file entered pipeline: /Users/lesrene/Desktop/LabInstrument_Pipeline/data/raw/instrument_run_1777362590.json
2026-04-28 03:49:50,372 - ETL_Pipeline - INFO - Successfully ingested and added rows to database from: /Users/lesrene/Desktop/LabInstrument_Pipeline/data/raw/instrument_run_1777362590.json
2026-04-28 03:49:50,372 - ETL_Pipeline - INFO - VALIDATION_PASSED: File passed validation in /Users/lesrene/Desktop/LabInstrument_Pipeline/data/raw/instrument_run_1777362590.json
2026-04-28 03:49:50,373 - ETL_Pipeline - INFO - Moved: instrument_run_1777362590.json -> data/processed
2026-04-28 03:50:00,289 - ETL_Pipeline - INFO - New file entered pipeline: /Users/lesrene/Desktop/LabInstrument_Pipeline/data/raw/instrument_run_1777362600.json
2026-04-28 03:50:00,302 - ETL_Pipeline - INFO - Successfully ingested and added rows to database from: /Users/lesrene/Desktop/LabInstrument_Pipeline/data/raw/instrument_run_1777362600.json
2026-04-28 03:50:00,303 - ETL_Pipeline - INFO - VALIDATION_PASSED: File passed validation in /Users/lesrene/Desktop/LabInstrument_Pipeline/data/raw/instrument_run_1777362600.json
2026-04-28 03:50:00,304 - ETL_Pipeline - INFO - Moved: instrument_run_1777362600.json -> data/processed
2026-04-28 03:50:10,301 - ETL_Pipeline - INFO - New file entered pipeline: /Users/lesrene/Desktop/LabInstrument_Pipeline/data/raw/instrument_run_1777362610.json
2026-04-28 03:50:10,314 - ETL_Pipeline - INFO - Successfully ingested and added rows to database from: /Users/lesrene/Desktop/LabInstrument_Pipeline/data/raw/instrument_run_1777362610.json
2026-04-28 03:50:10,314 - ETL_Pipeline - INFO - VALIDATION_PASSED: File passed validation in /Users/lesrene/Desktop/LabInstrument_Pipeline/data/raw/instrument_run_1777362610.json
2026-04-28 03:50:10,315 - ETL_Pipeline - INFO - Moved: instrument_run_1777362610.json -> data/processed
2026-04-28 03:50:20,326 - ETL_Pipeline - INFO - New file entered pipeline: /Users/lesrene/Desktop/LabInstrument_Pipeline/data/raw/instrument_run_1777362620.json
2026-04-28 03:50:20,348 - ETL_Pipeline - INFO - Successfully ingested and added rows to database from: /Users/lesrene/Desktop/LabInstrument_Pipeline/data/raw/instrument_run_1777362620.json
2026-04-28 03:50:20,348 - ETL_Pipeline - INFO - VALIDATION_PASSED: File passed validation in /Users/lesrene/Desktop/LabInstrument_Pipeline/data/raw/instrument_run_1777362620.json
2026-04-28 03:50:20,348 - ETL_Pipeline - INFO - Moved: instrument_run_1777362620.json -> data/processed
2026-04-28 03:50:30,328 - ETL_Pipeline - INFO - New file entered pipeline: /Users/lesrene/Desktop/LabInstrument_Pipeline/data/raw/instrument_run_1777362630.json
2026-04-28 03:50:30,351 - ETL_Pipeline - INFO - Successfully ingested and added rows to database from: /Users/lesrene/Desktop/LabInstrument_Pipeline/data/raw/instrument_run_1777362630.json
2026-04-28 03:50:30,351 - ETL_Pipeline - INFO - VALIDATION_PASSED: File passed validation in /Users/lesrene/Desktop/LabInstrument_Pipeline/data/raw/instrument_run_1777362630.json
2026-04-28 03:50:30,352 - ETL_Pipeline - INFO - Moved: instrument_run_1777362630.json -> data/processed
2026-04-28 03:50:40,339 - ETL_Pipeline - INFO - New file entered pipeline: /Users/lesrene/Desktop/LabInstrument_Pipeline/data/raw/instrument_run_1777362640.json
2026-04-28 03:50:40,356 - ETL_Pipeline - INFO - Successfully ingested and added rows to database from: /Users/lesrene/Desktop/LabInstrument_Pipeline/data/raw/instrument_run_1777362640.json
2026-04-28 03:50:40,356 - ETL_Pipeline - INFO - VALIDATION_PASSED: File passed validation in /Users/lesrene/Desktop/LabInstrument_Pipeline/data/raw/instrument_run_1777362640.json
2026-04-28 03:50:40,356 - ETL_Pipeline - INFO - Moved: instrument_run_1777362640.json -> data/processed
2026-04-28 03:50:50,348 - ETL_Pipeline - INFO - New file entered pipeline: /Users/lesrene/Desktop/LabInstrument_Pipeline/data/raw/instrument_run_1777362650.json
2026-04-28 03:50:50,363 - ETL_Pipeline - INFO - Successfully ingested and added rows to database from: /Users/lesrene/Desktop/LabInstrument_Pipeline/data/raw/instrument_run_1777362650.json
2026-04-28 03:50:50,363 - ETL_Pipeline - INFO - VALIDATION_PASSED: File passed validation in /Users/lesrene/Desktop/LabInstrument_Pipeline/data/raw/instrument_run_1777362650.json
2026-04-28 03:50:50,364 - ETL_Pipeline - INFO - Moved: instrument_run_1777362650.json -> data/processed
2026-04-28 03:51:00,359 - ETL_Pipeline - INFO - New file entered pipeline: /Users/lesrene/Desktop/LabInstrument_Pipeline/data/raw/instrument_run_1777362660.json
2026-04-28 03:51:00,375 - ETL_Pipeline - INFO - Successfully ingested and added rows to database from: /Users/lesrene/Desktop/LabInstrument_Pipeline/data/raw/instrument_run_1777362660.json
2026-04-28 03:51:00,376 - ETL_Pipeline - INFO - VALIDATION_PASSED: File passed validation in /Users/lesrene/Desktop/LabInstrument_Pipeline/data/raw/instrument_run_1777362660.json
2026-04-28 03:51:00,376 - ETL_Pipeline - INFO - Moved: instrument_run_1777362660.json -> data/processed
2026-04-28 03:51:10,373 - ETL_Pipeline - INFO - New file entered pipeline: /Users/lesrene/Desktop/LabInstrument_Pipeline/data/raw/instrument_run_1777362670.json
2026-04-28 03:51:10,405 - ETL_Pipeline - INFO - Successfully ingested and added rows to database from: /Users/lesrene/Desktop/LabInstrument_Pipeline/data/raw/instrument_run_1777362670.json
2026-04-28 03:51:10,405 - ETL_Pipeline - INFO - VALIDATION_PASSED: File passed validation in /Users/lesrene/Desktop/LabInstrument_Pipeline/data/raw/instrument_run_1777362670.json
2026-04-28 03:51:10,405 - ETL_Pipeline - INFO - Moved: instrument_run_1777362670.json -> data/processed
2026-04-28 03:51:20,380 - ETL_Pipeline - INFO - New file entered pipeline: /Users/lesrene/Desktop/LabInstrument_Pipeline/data/raw/instrument_run_1777362680.json
2026-04-28 03:51:20,400 - ETL_Pipeline - INFO - Successfully ingested and added rows to database from: /Users/lesrene/Desktop/LabInstrument_Pipeline/data/raw/instrument_run_1777362680.json
2026-04-28 03:51:20,400 - ETL_Pipeline - INFO - VALIDATION_PASSED: File passed validation in /Users/lesrene/Desktop/LabInstrument_Pipeline/data/raw/instrument_run_1777362680.json
2026-04-28 03:51:20,400 - ETL_Pipeline - INFO - Moved: instrument_run_1777362680.json -> data/processed
2026-04-28 03:51:30,386 - ETL_Pipeline - INFO - New file entered pipeline: /Users/lesrene/Desktop/LabInstrument_Pipeline/data/raw/instrument_run_1777362690.json
2026-04-28 03:51:30,398 - ETL_Pipeline - INFO - Successfully ingested and added rows to database from: /Users/lesrene/Desktop/LabInstrument_Pipeline/data/raw/instrument_run_1777362690.json
2026-04-28 03:51:30,398 - ETL_Pipeline - INFO - VALIDATION_PASSED: File passed validation in /Users/lesrene/Desktop/LabInstrument_Pipeline/data/raw/instrument_run_1777362690.json
2026-04-28 03:51:30,399 - ETL_Pipeline - INFO - Moved: instrument_run_1777362690.json -> data/processed
2026-04-28 03:51:40,400 - ETL_Pipeline - INFO - New file entered pipeline: /Users/lesrene/Desktop/LabInstrument_Pipeline/data/raw/instrument_run_1777362700.json
2026-04-28 03:51:40,421 - ETL_Pipeline - INFO - Successfully ingested and added rows to database from: /Users/lesrene/Desktop/LabInstrument_Pipeline/data/raw/instrument_run_1777362700.json
2026-04-28 03:51:40,422 - ETL_Pipeline - INFO - VALIDATION_PASSED: File passed validation in /Users/lesrene/Desktop/LabInstrument_Pipeline/data/raw/instrument_run_1777362700.json
2026-04-28 03:51:40,422 - ETL_Pipeline - INFO - Moved: instrument_run_1777362700.json -> data/processed
2026-04-28 03:51:50,409 - ETL_Pipeline - INFO - New file entered pipeline: /Users/lesrene/Desktop/LabInstrument_Pipeline/data/raw/instrument_run_1777362710.json
2026-04-28 03:51:50,423 - ETL_Pipeline - INFO - Successfully ingested and added rows to database from: /Users/lesrene/Desktop/LabInstrument_Pipeline/data/raw/instrument_run_1777362710.json
2026-04-28 03:51:50,424 - ETL_Pipeline - INFO - VALIDATION_PASSED: File passed validation in /Users/lesrene/Desktop/LabInstrument_Pipeline/data/raw/instrument_run_1777362710.json
2026-04-28 03:51:50,424 - ETL_Pipeline - INFO - Moved: instrument_run_1777362710.json -> data/processed
2026-04-28 03:52:00,456 - ETL_Pipeline - INFO - New file entered pipeline: /Users/lesrene/Desktop/LabInstrument_Pipeline/data/raw/instrument_run_1777362720.json
2026-04-28 03:52:00,520 - ETL_Pipeline - INFO - Successfully ingested and added rows to database from: /Users/lesrene/Desktop/LabInstrument_Pipeline/data/raw/instrument_run_1777362720.json
2026-04-28 03:52:00,520 - ETL_Pipeline - INFO - VALIDATION_PASSED: File passed validation in /Users/lesrene/Desktop/LabInstrument_Pipeline/data/raw/instrument_run_1777362720.json
2026-04-28 03:52:00,520 - ETL_Pipeline - INFO - Moved: instrument_run_1777362720.json -> data/processed
2026-04-28 03:52:10,453 - ETL_Pipeline - INFO - New file entered pipeline: /Users/lesrene/Desktop/LabInstrument_Pipeline/data/raw/instrument_run_1777362730.json
2026-04-28 03:52:10,474 - ETL_Pipeline - INFO - Successfully ingested and added rows to database from: /Users/lesrene/Desktop/LabInstrument_Pipeline/data/raw/instrument_run_1777362730.json
2026-04-28 03:52:10,475 - ETL_Pipeline - INFO - VALIDATION_PASSED: File passed validation in /Users/lesrene/Desktop/LabInstrument_Pipeline/data/raw/instrument_run_1777362730.json
2026-04-28 03:52:10,475 - ETL_Pipeline - INFO - Moved: instrument_run_1777362730.json -> data/processed
2026-04-28 03:52:20,455 - ETL_Pipeline - INFO - New file entered pipeline: /Users/lesrene/Desktop/LabInstrument_Pipeline/data/raw/instrument_run_1777362740.json
2026-04-28 03:52:20,468 - ETL_Pipeline - INFO - Successfully ingested and added rows to database from: /Users/lesrene/Desktop/LabInstrument_Pipeline/data/raw/instrument_run_1777362740.json
2026-04-28 03:52:20,468 - ETL_Pipeline - INFO - VALIDATION_PASSED: File passed validation in /Users/lesrene/Desktop/LabInstrument_Pipeline/data/raw/instrument_run_1777362740.json
2026-04-28 03:52:20,469 - ETL_Pipeline - INFO - Moved: instrument_run_1777362740.json -> data/processed
2026-04-28 03:52:30,464 - ETL_Pipeline - INFO - New file entered pipeline: /Users/lesrene/Desktop/LabInstrument_Pipeline/data/raw/instrument_run_1777362750.json
2026-04-28 03:52:30,493 - ETL_Pipeline - INFO - Successfully ingested and added rows to database from: /Users/lesrene/Desktop/LabInstrument_Pipeline/data/raw/instrument_run_1777362750.json
2026-04-28 03:52:30,493 - ETL_Pipeline - INFO - VALIDATION_PASSED: File passed validation in /Users/lesrene/Desktop/LabInstrument_Pipeline/data/raw/instrument_run_1777362750.json
2026-04-28 03:52:30,494 - ETL_Pipeline - INFO - Moved: instrument_run_1777362750.json -> data/processed
2026-04-28 03:52:40,475 - ETL_Pipeline - INFO - New file entered pipeline: /Users/lesrene/Desktop/LabInstrument_Pipeline/data/raw/instrument_run_1777362760.json
2026-04-28 03:52:40,495 - ETL_Pipeline - ERROR - VALIDATION_FAILED: Invalid Mass: -1.0 mg in /Users/lesrene/Desktop/LabInstrument_Pipeline/data/raw/instrument_run_1777362760.json
2026-04-28 03:52:40,498 - ETL_Pipeline - INFO - Moved: instrument_run_1777362760.json -> data/quarantine
2026-04-28 03:52:50,490 - ETL_Pipeline - INFO - New file entered pipeline: /Users/lesrene/Desktop/LabInstrument_Pipeline/data/raw/instrument_run_1777362770.json
2026-04-28 03:52:50,519 - ETL_Pipeline - INFO - Successfully ingested and added rows to database from: /Users/lesrene/Desktop/LabInstrument_Pipeline/data/raw/instrument_run_1777362770.json
2026-04-28 03:52:50,519 - ETL_Pipeline - INFO - VALIDATION_PASSED: File passed validation in /Users/lesrene/Desktop/LabInstrument_Pipeline/data/raw/instrument_run_1777362770.json
2026-04-28 03:52:50,520 - ETL_Pipeline - INFO - Moved: instrument_run_1777362770.json -> data/processed
2026-04-28 03:53:00,505 - ETL_Pipeline - INFO - New file entered pipeline: /Users/lesrene/Desktop/LabInstrument_Pipeline/data/raw/instrument_run_1777362780.json
2026-04-28 03:53:00,516 - ETL_Pipeline - INFO - Successfully ingested and added rows to database from: /Users/lesrene/Desktop/LabInstrument_Pipeline/data/raw/instrument_run_1777362780.json
2026-04-28 03:53:00,516 - ETL_Pipeline - INFO - VALIDATION_PASSED: File passed validation in /Users/lesrene/Desktop/LabInstrument_Pipeline/data/raw/instrument_run_1777362780.json
2026-04-28 03:53:00,516 - ETL_Pipeline - INFO - Moved: instrument_run_1777362780.json -> data/processed
2026-04-28 03:53:10,518 - ETL_Pipeline - INFO - New file entered pipeline: /Users/lesrene/Desktop/LabInstrument_Pipeline/data/raw/instrument_run_1777362790.json
2026-04-28 03:53:10,530 - ETL_Pipeline - INFO - Successfully ingested and added rows to database from: /Users/lesrene/Desktop/LabInstrument_Pipeline/data/raw/instrument_run_1777362790.json
2026-04-28 03:53:10,531 - ETL_Pipeline - INFO - VALIDATION_PASSED: File passed validation in /Users/lesrene/Desktop/LabInstrument_Pipeline/data/raw/instrument_run_1777362790.json
2026-04-28 03:53:10,531 - ETL_Pipeline - INFO - Moved: instrument_run_1777362790.json -> data/processed
2026-04-28 03:53:20,546 - ETL_Pipeline - INFO - New file entered pipeline: /Users/lesrene/Desktop/LabInstrument_Pipeline/data/raw/instrument_run_1777362800.json
2026-04-28 03:53:20,560 - ETL_Pipeline - INFO - Successfully ingested and added rows to database from: /Users/lesrene/Desktop/LabInstrument_Pipeline/data/raw/instrument_run_1777362800.json
2026-04-28 03:53:20,560 - ETL_Pipeline - INFO - VALIDATION_PASSED: File passed validation in /Users/lesrene/Desktop/LabInstrument_Pipeline/data/raw/instrument_run_1777362800.json
2026-04-28 03:53:20,561 - ETL_Pipeline - INFO - Moved: instrument_run_1777362800.json -> data/processed
2026-04-28 03:53:30,545 - ETL_Pipeline - INFO - New file entered pipeline: /Users/lesrene/Desktop/LabInstrument_Pipeline/data/raw/instrument_run_1777362810.json
2026-04-28 03:53:30,559 - ETL_Pipeline - INFO - Successfully ingested and added rows to database from: /Users/lesrene/Desktop/LabInstrument_Pipeline/data/raw/instrument_run_1777362810.json
2026-04-28 03:53:30,559 - ETL_Pipeline - INFO - VALIDATION_PASSED: File passed validation in /Users/lesrene/Desktop/LabInstrument_Pipeline/data/raw/instrument_run_1777362810.json
2026-04-28 03:53:30,560 - ETL_Pipeline - INFO - Moved: instrument_run_1777362810.json -> data/processed
2026-04-28 03:53:40,543 - ETL_Pipeline - INFO - New file entered pipeline: /Users/lesrene/Desktop/LabInstrument_Pipeline/data/raw/instrument_run_1777362820.json
2026-04-28 03:53:40,558 - ETL_Pipeline - INFO - Successfully ingested and added rows to database from: /Users/lesrene/Desktop/LabInstrument_Pipeline/data/raw/instrument_run_1777362820.json
2026-04-28 03:53:40,559 - ETL_Pipeline - INFO - VALIDATION_PASSED: File passed validation in /Users/lesrene/Desktop/LabInstrument_Pipeline/data/raw/instrument_run_1777362820.json
2026-04-28 03:53:40,559 - ETL_Pipeline - INFO - Moved: instrument_run_1777362820.json -> data/processed
2026-04-28 03:53:50,568 - ETL_Pipeline - INFO - New file entered pipeline: /Users/lesrene/Desktop/LabInstrument_Pipeline/data/raw/instrument_run_1777362830.json
2026-04-28 03:53:50,593 - ETL_Pipeline - INFO - Successfully ingested and added rows to database from: /Users/lesrene/Desktop/LabInstrument_Pipeline/data/raw/instrument_run_1777362830.json
2026-04-28 03:53:50,593 - ETL_Pipeline - INFO - VALIDATION_PASSED: File passed validation in /Users/lesrene/Desktop/LabInstrument_Pipeline/data/raw/instrument_run_1777362830.json
2026-04-28 03:53:50,593 - ETL_Pipeline - INFO - Moved: instrument_run_1777362830.json -> data/processed
2026-04-28 03:54:00,592 - ETL_Pipeline - INFO - New file entered pipeline: /Users/lesrene/Desktop/LabInstrument_Pipeline/data/raw/instrument_run_1777362840.json
2026-04-28 03:54:00,614 - ETL_Pipeline - INFO - Successfully ingested and added rows to database from: /Users/lesrene/Desktop/LabInstrument_Pipeline/data/raw/instrument_run_1777362840.json
2026-04-28 03:54:00,614 - ETL_Pipeline - INFO - VALIDATION_PASSED: File passed validation in /Users/lesrene/Desktop/LabInstrument_Pipeline/data/raw/instrument_run_1777362840.json
2026-04-28 03:54:00,615 - ETL_Pipeline - INFO - Moved: instrument_run_1777362840.json -> data/processed
2026-04-28 03:54:10,601 - ETL_Pipeline - INFO - New file entered pipeline: /Users/lesrene/Desktop/LabInstrument_Pipeline/data/raw/instrument_run_1777362850.json
2026-04-28 03:54:10,623 - ETL_Pipeline - INFO - Successfully ingested and added rows to database from: /Users/lesrene/Desktop/LabInstrument_Pipeline/data/raw/instrument_run_1777362850.json
2026-04-28 03:54:10,623 - ETL_Pipeline - INFO - VALIDATION_PASSED: File passed validation in /Users/lesrene/Desktop/LabInstrument_Pipeline/data/raw/instrument_run_1777362850.json
2026-04-28 03:54:10,623 - ETL_Pipeline - INFO - Moved: instrument_run_1777362850.json -> data/processed
2026-04-28 03:54:20,616 - ETL_Pipeline - INFO - New file entered pipeline: /Users/lesrene/Desktop/LabInstrument_Pipeline/data/raw/instrument_run_1777362860.json
2026-04-28 03:54:20,632 - ETL_Pipeline - INFO - Successfully ingested and added rows to database from: /Users/lesrene/Desktop/LabInstrument_Pipeline/data/raw/instrument_run_1777362860.json
2026-04-28 03:54:20,632 - ETL_Pipeline - INFO - VALIDATION_PASSED: File passed validation in /Users/lesrene/Desktop/LabInstrument_Pipeline/data/raw/instrument_run_1777362860.json
2026-04-28 03:54:20,632 - ETL_Pipeline - INFO - Moved: instrument_run_1777362860.json -> data/processed
2026-04-28 03:54:30,624 - ETL_Pipeline - INFO - New file entered pipeline: /Users/lesrene/Desktop/LabInstrument_Pipeline/data/raw/instrument_run_1777362870.json
2026-04-28 03:54:30,628 - ETL_Pipeline - ERROR - VALIDATION_FAILED: Invalid Mass: -1.0 mg in /Users/lesrene/Desktop/LabInstrument_Pipeline/data/raw/instrument_run_1777362870.json
2026-04-28 03:54:30,631 - ETL_Pipeline - INFO - Moved: instrument_run_1777362870.json -> data/quarantine
2026-04-28 03:54:40,634 - ETL_Pipeline - INFO - New file entered pipeline: /Users/lesrene/Desktop/LabInstrument_Pipeline/data/raw/instrument_run_1777362880.json
2026-04-28 03:54:40,655 - ETL_Pipeline - ERROR - VALIDATION_FAILED: Invalid Mass: -1.0 mg in /Users/lesrene/Desktop/LabInstrument_Pipeline/data/raw/instrument_run_1777362880.json
2026-04-28 03:54:40,658 - ETL_Pipeline - INFO - Moved: instrument_run_1777362880.json -> data/quarantine
2026-04-28 03:54:50,644 - ETL_Pipeline - INFO - New file entered pipeline: /Users/lesrene/Desktop/LabInstrument_Pipeline/data/raw/instrument_run_1777362890.json
2026-04-28 03:54:50,670 - ETL_Pipeline - INFO - Successfully ingested and added rows to database from: /Users/lesrene/Desktop/LabInstrument_Pipeline/data/raw/instrument_run_1777362890.json
2026-04-28 03:54:50,672 - ETL_Pipeline - INFO - VALIDATION_PASSED: File passed validation in /Users/lesrene/Desktop/LabInstrument_Pipeline/data/raw/instrument_run_1777362890.json
2026-04-28 03:54:50,672 - ETL_Pipeline - INFO - Moved: instrument_run_1777362890.json -> data/processed
2026-04-28 03:55:00,655 - ETL_Pipeline - INFO - New file entered pipeline: /Users/lesrene/Desktop/LabInstrument_Pipeline/data/raw/instrument_run_1777362900.json
2026-04-28 03:55:00,669 - ETL_Pipeline - INFO - Successfully ingested and added rows to database from: /Users/lesrene/Desktop/LabInstrument_Pipeline/data/raw/instrument_run_1777362900.json
2026-04-28 03:55:00,670 - ETL_Pipeline - INFO - VALIDATION_PASSED: File passed validation in /Users/lesrene/Desktop/LabInstrument_Pipeline/data/raw/instrument_run_1777362900.json
2026-04-28 03:55:00,671 - ETL_Pipeline - INFO - Moved: instrument_run_1777362900.json -> data/processed
2026-04-28 03:55:10,666 - ETL_Pipeline - INFO - New file entered pipeline: /Users/lesrene/Desktop/LabInstrument_Pipeline/data/raw/instrument_run_1777362910.json
2026-04-28 03:55:10,687 - ETL_Pipeline - INFO - Successfully ingested and added rows to database from: /Users/lesrene/Desktop/LabInstrument_Pipeline/data/raw/instrument_run_1777362910.json
2026-04-28 03:55:10,687 - ETL_Pipeline - INFO - VALIDATION_PASSED: File passed validation in /Users/lesrene/Desktop/LabInstrument_Pipeline/data/raw/instrument_run_1777362910.json
2026-04-28 03:55:10,687 - ETL_Pipeline - INFO - Moved: instrument_run_1777362910.json -> data/processed
2026-04-28 03:55:20,673 - ETL_Pipeline - INFO - New file entered pipeline: /Users/lesrene/Desktop/LabInstrument_Pipeline/data/raw/instrument_run_1777362920.json
2026-04-28 03:55:20,695 - ETL_Pipeline - INFO - Successfully ingested and added rows to database from: /Users/lesrene/Desktop/LabInstrument_Pipeline/data/raw/instrument_run_1777362920.json
2026-04-28 03:55:20,695 - ETL_Pipeline - INFO - VALIDATION_PASSED: File passed validation in /Users/lesrene/Desktop/LabInstrument_Pipeline/data/raw/instrument_run_1777362920.json
2026-04-28 03:55:20,696 - ETL_Pipeline - INFO - Moved: instrument_run_1777362920.json -> data/processed
2026-04-28 03:55:30,688 - ETL_Pipeline - INFO - New file entered pipeline: /Users/lesrene/Desktop/LabInstrument_Pipeline/data/raw/instrument_run_1777362930.json
2026-04-28 03:55:30,715 - ETL_Pipeline - INFO - Successfully ingested and added rows to database from: /Users/lesrene/Desktop/LabInstrument_Pipeline/data/raw/instrument_run_1777362930.json
2026-04-28 03:55:30,716 - ETL_Pipeline - INFO - VALIDATION_PASSED: File passed validation in /Users/lesrene/Desktop/LabInstrument_Pipeline/data/raw/instrument_run_1777362930.json
2026-04-28 03:55:30,719 - ETL_Pipeline - INFO - Moved: instrument_run_1777362930.json -> data/processed
2026-04-28 03:55:40,697 - ETL_Pipeline - INFO - New file entered pipeline: /Users/lesrene/Desktop/LabInstrument_Pipeline/data/raw/instrument_run_1777362940.json
2026-04-28 03:55:40,702 - ETL_Pipeline - ERROR - VALIDATION_FAILED: Invalid Mass: -1.0 mg in /Users/lesrene/Desktop/LabInstrument_Pipeline/data/raw/instrument_run_1777362940.json
2026-04-28 03:55:40,706 - ETL_Pipeline - INFO - Moved: instrument_run_1777362940.json -> data/quarantine
2026-04-28 03:55:50,715 - ETL_Pipeline - INFO - New file entered pipeline: /Users/lesrene/Desktop/LabInstrument_Pipeline/data/raw/instrument_run_1777362950.json
2026-04-28 03:55:50,734 - ETL_Pipeline - INFO - Successfully ingested and added rows to database from: /Users/lesrene/Desktop/LabInstrument_Pipeline/data/raw/instrument_run_1777362950.json
2026-04-28 03:55:50,735 - ETL_Pipeline - INFO - VALIDATION_PASSED: File passed validation in /Users/lesrene/Desktop/LabInstrument_Pipeline/data/raw/instrument_run_1777362950.json
2026-04-28 03:55:50,735 - ETL_Pipeline - INFO - Moved: instrument_run_1777362950.json -> data/processed
2026-04-28 03:56:00,721 - ETL_Pipeline - INFO - New file entered pipeline: /Users/lesrene/Desktop/LabInstrument_Pipeline/data/raw/instrument_run_1777362960.json
2026-04-28 03:56:00,750 - ETL_Pipeline - INFO - Successfully ingested and added rows to database from: /Users/lesrene/Desktop/LabInstrument_Pipeline/data/raw/instrument_run_1777362960.json
2026-04-28 03:56:00,751 - ETL_Pipeline - INFO - VALIDATION_PASSED: File passed validation in /Users/lesrene/Desktop/LabInstrument_Pipeline/data/raw/instrument_run_1777362960.json
2026-04-28 03:56:00,752 - ETL_Pipeline - INFO - Moved: instrument_run_1777362960.json -> data/processed
2026-04-28 03:56:10,730 - ETL_Pipeline - INFO - New file entered pipeline: /Users/lesrene/Desktop/LabInstrument_Pipeline/data/raw/instrument_run_1777362970.json
2026-04-28 03:56:10,754 - ETL_Pipeline - INFO - Successfully ingested and added rows to database from: /Users/lesrene/Desktop/LabInstrument_Pipeline/data/raw/instrument_run_1777362970.json
2026-04-28 03:56:10,754 - ETL_Pipeline - INFO - VALIDATION_PASSED: File passed validation in /Users/lesrene/Desktop/LabInstrument_Pipeline/data/raw/instrument_run_1777362970.json
2026-04-28 03:56:10,756 - ETL_Pipeline - INFO - Moved: instrument_run_1777362970.json -> data/processed
2026-04-28 03:56:20,754 - ETL_Pipeline - INFO - New file entered pipeline: /Users/lesrene/Desktop/LabInstrument_Pipeline/data/raw/instrument_run_1777362980.json
2026-04-28 03:56:20,774 - ETL_Pipeline - INFO - Successfully ingested and added rows to database from: /Users/lesrene/Desktop/LabInstrument_Pipeline/data/raw/instrument_run_1777362980.json
2026-04-28 03:56:20,775 - ETL_Pipeline - INFO - VALIDATION_PASSED: File passed validation in /Users/lesrene/Desktop/LabInstrument_Pipeline/data/raw/instrument_run_1777362980.json
2026-04-28 03:56:20,775 - ETL_Pipeline - INFO - Moved: instrument_run_1777362980.json -> data/processed
2026-04-28 03:56:30,762 - ETL_Pipeline - INFO - New file entered pipeline: /Users/lesrene/Desktop/LabInstrument_Pipeline/data/raw/instrument_run_1777362990.json
2026-04-28 03:56:30,778 - ETL_Pipeline - INFO - Successfully ingested and added rows to database from: /Users/lesrene/Desktop/LabInstrument_Pipeline/data/raw/instrument_run_1777362990.json
2026-04-28 03:56:30,779 - ETL_Pipeline - INFO - VALIDATION_PASSED: File passed validation in /Users/lesrene/Desktop/LabInstrument_Pipeline/data/raw/instrument_run_1777362990.json
2026-04-28 03:56:30,779 - ETL_Pipeline - INFO - Moved: instrument_run_1777362990.json -> data/processed
2026-04-28 03:56:40,769 - ETL_Pipeline - INFO - New file entered pipeline: /Users/lesrene/Desktop/LabInstrument_Pipeline/data/raw/instrument_run_1777363000.json
2026-04-28 03:56:40,792 - ETL_Pipeline - INFO - Successfully ingested and added rows to database from: /Users/lesrene/Desktop/LabInstrument_Pipeline/data/raw/instrument_run_1777363000.json
2026-04-28 03:56:40,792 - ETL_Pipeline - INFO - VALIDATION_PASSED: File passed validation in /Users/lesrene/Desktop/LabInstrument_Pipeline/data/raw/instrument_run_1777363000.json
2026-04-28 03:56:40,793 - ETL_Pipeline - INFO - Moved: instrument_run_1777363000.json -> data/processed
2026-04-28 03:56:50,786 - ETL_Pipeline - INFO - New file entered pipeline: /Users/lesrene/Desktop/LabInstrument_Pipeline/data/raw/instrument_run_1777363010.json
2026-04-28 03:56:50,812 - ETL_Pipeline - INFO - Successfully ingested and added rows to database from: /Users/lesrene/Desktop/LabInstrument_Pipeline/data/raw/instrument_run_1777363010.json
2026-04-28 03:56:50,812 - ETL_Pipeline - INFO - VALIDATION_PASSED: File passed validation in /Users/lesrene/Desktop/LabInstrument_Pipeline/data/raw/instrument_run_1777363010.json
2026-04-28 03:56:50,813 - ETL_Pipeline - INFO - Moved: instrument_run_1777363010.json -> data/processed
2026-04-28 03:57:00,796 - ETL_Pipeline - INFO - New file entered pipeline: /Users/lesrene/Desktop/LabInstrument_Pipeline/data/raw/instrument_run_1777363020.json
2026-04-28 03:57:00,813 - ETL_Pipeline - INFO - Successfully ingested and added rows to database from: /Users/lesrene/Desktop/LabInstrument_Pipeline/data/raw/instrument_run_1777363020.json
2026-04-28 03:57:00,814 - ETL_Pipeline - INFO - VALIDATION_PASSED: File passed validation in /Users/lesrene/Desktop/LabInstrument_Pipeline/data/raw/instrument_run_1777363020.json
2026-04-28 03:57:00,814 - ETL_Pipeline - INFO - Moved: instrument_run_1777363020.json -> data/processed
2026-04-28 03:57:10,812 - ETL_Pipeline - INFO - New file entered pipeline: /Users/lesrene/Desktop/LabInstrument_Pipeline/data/raw/instrument_run_1777363030.json
2026-04-28 03:57:10,835 - ETL_Pipeline - INFO - Successfully ingested and added rows to database from: /Users/lesrene/Desktop/LabInstrument_Pipeline/data/raw/instrument_run_1777363030.json
2026-04-28 03:57:10,836 - ETL_Pipeline - INFO - VALIDATION_PASSED: File passed validation in /Users/lesrene/Desktop/LabInstrument_Pipeline/data/raw/instrument_run_1777363030.json
2026-04-28 03:57:10,836 - ETL_Pipeline - INFO - Moved: instrument_run_1777363030.json -> data/processed
2026-04-28 03:57:20,820 - ETL_Pipeline - INFO - New file entered pipeline: /Users/lesrene/Desktop/LabInstrument_Pipeline/data/raw/instrument_run_1777363040.json
2026-04-28 03:57:20,840 - ETL_Pipeline - INFO - Successfully ingested and added rows to database from: /Users/lesrene/Desktop/LabInstrument_Pipeline/data/raw/instrument_run_1777363040.json
2026-04-28 03:57:20,841 - ETL_Pipeline - INFO - VALIDATION_PASSED: File passed validation in /Users/lesrene/Desktop/LabInstrument_Pipeline/data/raw/instrument_run_1777363040.json
2026-04-28 03:57:20,841 - ETL_Pipeline - INFO - Moved: instrument_run_1777363040.json -> data/processed
2026-04-28 03:57:30,833 - ETL_Pipeline - INFO - New file entered pipeline: /Users/lesrene/Desktop/LabInstrument_Pipeline/data/raw/instrument_run_1777363050.json
2026-04-28 03:57:30,857 - ETL_Pipeline - INFO - Successfully ingested and added rows to database from: /Users/lesrene/Desktop/LabInstrument_Pipeline/data/raw/instrument_run_1777363050.json
2026-04-28 03:57:30,857 - ETL_Pipeline - INFO - VALIDATION_PASSED: File passed validation in /Users/lesrene/Desktop/LabInstrument_Pipeline/data/raw/instrument_run_1777363050.json
2026-04-28 03:57:30,858 - ETL_Pipeline - INFO - Moved: instrument_run_1777363050.json -> data/processed
2026-04-28 03:57:40,843 - ETL_Pipeline - INFO - New file entered pipeline: /Users/lesrene/Desktop/LabInstrument_Pipeline/data/raw/instrument_run_1777363060.json
2026-04-28 03:57:40,857 - ETL_Pipeline - INFO - Successfully ingested and added rows to database from: /Users/lesrene/Desktop/LabInstrument_Pipeline/data/raw/instrument_run_1777363060.json
2026-04-28 03:57:40,857 - ETL_Pipeline - INFO - VALIDATION_PASSED: File passed validation in /Users/lesrene/Desktop/LabInstrument_Pipeline/data/raw/instrument_run_1777363060.json
2026-04-28 03:57:40,858 - ETL_Pipeline - INFO - Moved: instrument_run_1777363060.json -> data/processed
2026-04-28 03:57:50,856 - ETL_Pipeline - INFO - New file entered pipeline: /Users/lesrene/Desktop/LabInstrument_Pipeline/data/raw/instrument_run_1777363070.json
2026-04-28 03:57:50,861 - ETL_Pipeline - ERROR - VALIDATION_FAILED: Invalid Mass: -1.0 mg in /Users/lesrene/Desktop/LabInstrument_Pipeline/data/raw/instrument_run_1777363070.json
2026-04-28 03:57:50,866 - ETL_Pipeline - INFO - Moved: instrument_run_1777363070.json -> data/quarantine
2026-04-28 03:58:00,863 - ETL_Pipeline - INFO - New file entered pipeline: /Users/lesrene/Desktop/LabInstrument_Pipeline/data/raw/instrument_run_1777363080.json
2026-04-28 03:58:00,884 - ETL_Pipeline - INFO - Successfully ingested and added rows to database from: /Users/lesrene/Desktop/LabInstrument_Pipeline/data/raw/instrument_run_1777363080.json
2026-04-28 03:58:00,884 - ETL_Pipeline - INFO - VALIDATION_PASSED: File passed validation in /Users/lesrene/Desktop/LabInstrument_Pipeline/data/raw/instrument_run_1777363080.json
2026-04-28 03:58:00,885 - ETL_Pipeline - INFO - Moved: instrument_run_1777363080.json -> data/processed
2026-04-28 03:58:10,883 - ETL_Pipeline - INFO - New file entered pipeline: /Users/lesrene/Desktop/LabInstrument_Pipeline/data/raw/instrument_run_1777363090.json
2026-04-28 03:58:10,909 - ETL_Pipeline - INFO - Successfully ingested and added rows to database from: /Users/lesrene/Desktop/LabInstrument_Pipeline/data/raw/instrument_run_1777363090.json
2026-04-28 03:58:10,910 - ETL_Pipeline - INFO - VALIDATION_PASSED: File passed validation in /Users/lesrene/Desktop/LabInstrument_Pipeline/data/raw/instrument_run_1777363090.json
2026-04-28 03:58:10,911 - ETL_Pipeline - INFO - Moved: instrument_run_1777363090.json -> data/processed
2026-04-28 03:58:20,890 - ETL_Pipeline - INFO - New file entered pipeline: /Users/lesrene/Desktop/LabInstrument_Pipeline/data/raw/instrument_run_1777363100.json
2026-04-28 03:58:20,918 - ETL_Pipeline - INFO - Successfully ingested and added rows to database from: /Users/lesrene/Desktop/LabInstrument_Pipeline/data/raw/instrument_run_1777363100.json
2026-04-28 03:58:20,918 - ETL_Pipeline - INFO - VALIDATION_PASSED: File passed validation in /Users/lesrene/Desktop/LabInstrument_Pipeline/data/raw/instrument_run_1777363100.json
2026-04-28 03:58:20,919 - ETL_Pipeline - INFO - Moved: instrument_run_1777363100.json -> data/processed
2026-04-28 03:58:30,894 - ETL_Pipeline - INFO - New file entered pipeline: /Users/lesrene/Desktop/LabInstrument_Pipeline/data/raw/instrument_run_1777363110.json
2026-04-28 03:58:30,915 - ETL_Pipeline - INFO - Successfully ingested and added rows to database from: /Users/lesrene/Desktop/LabInstrument_Pipeline/data/raw/instrument_run_1777363110.json
2026-04-28 03:58:30,916 - ETL_Pipeline - INFO - VALIDATION_PASSED: File passed validation in /Users/lesrene/Desktop/LabInstrument_Pipeline/data/raw/instrument_run_1777363110.json
2026-04-28 03:58:30,917 - ETL_Pipeline - INFO - Moved: instrument_run_1777363110.json -> data/processed
2026-04-28 03:58:40,898 - ETL_Pipeline - INFO - New file entered pipeline: /Users/lesrene/Desktop/LabInstrument_Pipeline/data/raw/instrument_run_1777363120.json
2026-04-28 03:58:40,910 - ETL_Pipeline - INFO - Successfully ingested and added rows to database from: /Users/lesrene/Desktop/LabInstrument_Pipeline/data/raw/instrument_run_1777363120.json
2026-04-28 03:58:40,910 - ETL_Pipeline - INFO - VALIDATION_PASSED: File passed validation in /Users/lesrene/Desktop/LabInstrument_Pipeline/data/raw/instrument_run_1777363120.json
2026-04-28 03:58:40,911 - ETL_Pipeline - INFO - Moved: instrument_run_1777363120.json -> data/processed
2026-04-28 03:58:50,905 - ETL_Pipeline - INFO - New file entered pipeline: /Users/lesrene/Desktop/LabInstrument_Pipeline/data/raw/instrument_run_1777363130.json
2026-04-28 03:58:50,914 - ETL_Pipeline - INFO - Successfully ingested and added rows to database from: /Users/lesrene/Desktop/LabInstrument_Pipeline/data/raw/instrument_run_1777363130.json
2026-04-28 03:58:50,915 - ETL_Pipeline - INFO - VALIDATION_PASSED: File passed validation in /Users/lesrene/Desktop/LabInstrument_Pipeline/data/raw/instrument_run_1777363130.json
2026-04-28 03:58:50,915 - ETL_Pipeline - INFO - Moved: instrument_run_1777363130.json -> data/processed
2026-04-28 03:59:00,916 - ETL_Pipeline - INFO - New file entered pipeline: /Users/lesrene/Desktop/LabInstrument_Pipeline/data/raw/instrument_run_1777363140.json
2026-04-28 03:59:00,937 - ETL_Pipeline - INFO - Successfully ingested and added rows to database from: /Users/lesrene/Desktop/LabInstrument_Pipeline/data/raw/instrument_run_1777363140.json
2026-04-28 03:59:00,938 - ETL_Pipeline - INFO - VALIDATION_PASSED: File passed validation in /Users/lesrene/Desktop/LabInstrument_Pipeline/data/raw/instrument_run_1777363140.json
2026-04-28 03:59:00,939 - ETL_Pipeline - INFO - Moved: instrument_run_1777363140.json -> data/processed
2026-04-28 03:59:10,936 - ETL_Pipeline - INFO - New file entered pipeline: /Users/lesrene/Desktop/LabInstrument_Pipeline/data/raw/instrument_run_1777363150.json
2026-04-28 03:59:10,966 - ETL_Pipeline - INFO - Successfully ingested and added rows to database from: /Users/lesrene/Desktop/LabInstrument_Pipeline/data/raw/instrument_run_1777363150.json
2026-04-28 03:59:10,967 - ETL_Pipeline - INFO - VALIDATION_PASSED: File passed validation in /Users/lesrene/Desktop/LabInstrument_Pipeline/data/raw/instrument_run_1777363150.json
2026-04-28 03:59:10,968 - ETL_Pipeline - INFO - Moved: instrument_run_1777363150.json -> data/processed
2026-04-28 03:59:20,936 - ETL_Pipeline - INFO - New file entered pipeline: /Users/lesrene/Desktop/LabInstrument_Pipeline/data/raw/instrument_run_1777363160.json
2026-04-28 03:59:20,963 - ETL_Pipeline - INFO - Successfully ingested and added rows to database from: /Users/lesrene/Desktop/LabInstrument_Pipeline/data/raw/instrument_run_1777363160.json
2026-04-28 03:59:20,964 - ETL_Pipeline - INFO - VALIDATION_PASSED: File passed validation in /Users/lesrene/Desktop/LabInstrument_Pipeline/data/raw/instrument_run_1777363160.json
2026-04-28 03:59:20,964 - ETL_Pipeline - INFO - Moved: instrument_run_1777363160.json -> data/processed
2026-04-28 03:59:30,949 - ETL_Pipeline - INFO - New file entered pipeline: /Users/lesrene/Desktop/LabInstrument_Pipeline/data/raw/instrument_run_1777363170.json
2026-04-28 03:59:30,972 - ETL_Pipeline - INFO - Successfully ingested and added rows to database from: /Users/lesrene/Desktop/LabInstrument_Pipeline/data/raw/instrument_run_1777363170.json
2026-04-28 03:59:30,972 - ETL_Pipeline - INFO - VALIDATION_PASSED: File passed validation in /Users/lesrene/Desktop/LabInstrument_Pipeline/data/raw/instrument_run_1777363170.json
2026-04-28 03:59:30,973 - ETL_Pipeline - INFO - Moved: instrument_run_1777363170.json -> data/processed
2026-04-28 03:59:40,959 - ETL_Pipeline - INFO - New file entered pipeline: /Users/lesrene/Desktop/LabInstrument_Pipeline/data/raw/instrument_run_1777363180.json
2026-04-28 03:59:40,976 - ETL_Pipeline - INFO - Successfully ingested and added rows to database from: /Users/lesrene/Desktop/LabInstrument_Pipeline/data/raw/instrument_run_1777363180.json
2026-04-28 03:59:40,976 - ETL_Pipeline - INFO - VALIDATION_PASSED: File passed validation in /Users/lesrene/Desktop/LabInstrument_Pipeline/data/raw/instrument_run_1777363180.json
2026-04-28 03:59:40,977 - ETL_Pipeline - INFO - Moved: instrument_run_1777363180.json -> data/processed
2026-04-28 03:59:50,970 - ETL_Pipeline - INFO - New file entered pipeline: /Users/lesrene/Desktop/LabInstrument_Pipeline/data/raw/instrument_run_1777363190.json
2026-04-28 03:59:51,004 - ETL_Pipeline - INFO - Successfully ingested and added rows to database from: /Users/lesrene/Desktop/LabInstrument_Pipeline/data/raw/instrument_run_1777363190.json
2026-04-28 03:59:51,004 - ETL_Pipeline - INFO - VALIDATION_PASSED: File passed validation in /Users/lesrene/Desktop/LabInstrument_Pipeline/data/raw/instrument_run_1777363190.json
2026-04-28 03:59:51,005 - ETL_Pipeline - INFO - Moved: instrument_run_1777363190.json -> data/processed
2026-04-28 04:00:00,979 - ETL_Pipeline - INFO - New file entered pipeline: /Users/lesrene/Desktop/LabInstrument_Pipeline/data/raw/instrument_run_1777363200.json
2026-04-28 04:00:00,992 - ETL_Pipeline - INFO - Successfully ingested and added rows to database from: /Users/lesrene/Desktop/LabInstrument_Pipeline/data/raw/instrument_run_1777363200.json
2026-04-28 04:00:00,992 - ETL_Pipeline - INFO - VALIDATION_PASSED: File passed validation in /Users/lesrene/Desktop/LabInstrument_Pipeline/data/raw/instrument_run_1777363200.json
2026-04-28 04:00:00,993 - ETL_Pipeline - INFO - Moved: instrument_run_1777363200.json -> data/processed
2026-04-28 04:00:10,995 - ETL_Pipeline - INFO - New file entered pipeline: /Users/lesrene/Desktop/LabInstrument_Pipeline/data/raw/instrument_run_1777363210.json
2026-04-28 04:00:11,016 - ETL_Pipeline - INFO - Successfully ingested and added rows to database from: /Users/lesrene/Desktop/LabInstrument_Pipeline/data/raw/instrument_run_1777363210.json
2026-04-28 04:00:11,016 - ETL_Pipeline - INFO - VALIDATION_PASSED: File passed validation in /Users/lesrene/Desktop/LabInstrument_Pipeline/data/raw/instrument_run_1777363210.json
2026-04-28 04:00:11,017 - ETL_Pipeline - INFO - Moved: instrument_run_1777363210.json -> data/processed
2026-04-28 04:00:21,001 - ETL_Pipeline - INFO - New file entered pipeline: /Users/lesrene/Desktop/LabInstrument_Pipeline/data/raw/instrument_run_1777363220.json
2026-04-28 04:00:21,028 - ETL_Pipeline - INFO - Successfully ingested and added rows to database from: /Users/lesrene/Desktop/LabInstrument_Pipeline/data/raw/instrument_run_1777363220.json
2026-04-28 04:00:21,028 - ETL_Pipeline - INFO - VALIDATION_PASSED: File passed validation in /Users/lesrene/Desktop/LabInstrument_Pipeline/data/raw/instrument_run_1777363220.json
2026-04-28 04:00:21,029 - ETL_Pipeline - INFO - Moved: instrument_run_1777363220.json -> data/processed
2026-04-28 04:00:31,008 - ETL_Pipeline - INFO - New file entered pipeline: /Users/lesrene/Desktop/LabInstrument_Pipeline/data/raw/instrument_run_1777363230.json
2026-04-28 04:00:31,022 - ETL_Pipeline - INFO - Successfully ingested and added rows to database from: /Users/lesrene/Desktop/LabInstrument_Pipeline/data/raw/instrument_run_1777363230.json
2026-04-28 04:00:31,022 - ETL_Pipeline - INFO - VALIDATION_PASSED: File passed validation in /Users/lesrene/Desktop/LabInstrument_Pipeline/data/raw/instrument_run_1777363230.json
2026-04-28 04:00:31,023 - ETL_Pipeline - INFO - Moved: instrument_run_1777363230.json -> data/processed
2026-04-28 04:00:41,016 - ETL_Pipeline - INFO - New file entered pipeline: /Users/lesrene/Desktop/LabInstrument_Pipeline/data/raw/instrument_run_1777363241.json
2026-04-28 04:00:41,028 - ETL_Pipeline - INFO - Successfully ingested and added rows to database from: /Users/lesrene/Desktop/LabInstrument_Pipeline/data/raw/instrument_run_1777363241.json
2026-04-28 04:00:41,029 - ETL_Pipeline - INFO - VALIDATION_PASSED: File passed validation in /Users/lesrene/Desktop/LabInstrument_Pipeline/data/raw/instrument_run_1777363241.json
2026-04-28 04:00:41,030 - ETL_Pipeline - INFO - Moved: instrument_run_1777363241.json -> data/processed
2026-04-28 04:00:51,032 - ETL_Pipeline - INFO - New file entered pipeline: /Users/lesrene/Desktop/LabInstrument_Pipeline/data/raw/instrument_run_1777363251.json
2026-04-28 04:00:51,069 - ETL_Pipeline - INFO - Successfully ingested and added rows to database from: /Users/lesrene/Desktop/LabInstrument_Pipeline/data/raw/instrument_run_1777363251.json
2026-04-28 04:00:51,070 - ETL_Pipeline - INFO - VALIDATION_PASSED: File passed validation in /Users/lesrene/Desktop/LabInstrument_Pipeline/data/raw/instrument_run_1777363251.json
2026-04-28 04:00:51,070 - ETL_Pipeline - INFO - Moved: instrument_run_1777363251.json -> data/processed
2026-04-28 04:01:01,043 - ETL_Pipeline - INFO - New file entered pipeline: /Users/lesrene/Desktop/LabInstrument_Pipeline/data/raw/instrument_run_1777363261.json
2026-04-28 04:01:01,077 - ETL_Pipeline - INFO - Successfully ingested and added rows to database from: /Users/lesrene/Desktop/LabInstrument_Pipeline/data/raw/instrument_run_1777363261.json
2026-04-28 04:01:01,077 - ETL_Pipeline - INFO - VALIDATION_PASSED: File passed validation in /Users/lesrene/Desktop/LabInstrument_Pipeline/data/raw/instrument_run_1777363261.json
2026-04-28 04:01:01,077 - ETL_Pipeline - INFO - Moved: instrument_run_1777363261.json -> data/processed
2026-04-28 04:01:11,055 - ETL_Pipeline - INFO - New file entered pipeline: /Users/lesrene/Desktop/LabInstrument_Pipeline/data/raw/instrument_run_1777363271.json
2026-04-28 04:01:11,080 - ETL_Pipeline - INFO - Successfully ingested and added rows to database from: /Users/lesrene/Desktop/LabInstrument_Pipeline/data/raw/instrument_run_1777363271.json
2026-04-28 04:01:11,080 - ETL_Pipeline - INFO - VALIDATION_PASSED: File passed validation in /Users/lesrene/Desktop/LabInstrument_Pipeline/data/raw/instrument_run_1777363271.json
2026-04-28 04:01:11,081 - ETL_Pipeline - INFO - Moved: instrument_run_1777363271.json -> data/processed
2026-04-28 04:01:21,069 - ETL_Pipeline - INFO - New file entered pipeline: /Users/lesrene/Desktop/LabInstrument_Pipeline/data/raw/instrument_run_1777363281.json
2026-04-28 04:01:21,085 - ETL_Pipeline - INFO - Successfully ingested and added rows to database from: /Users/lesrene/Desktop/LabInstrument_Pipeline/data/raw/instrument_run_1777363281.json
2026-04-28 04:01:21,086 - ETL_Pipeline - INFO - VALIDATION_PASSED: File passed validation in /Users/lesrene/Desktop/LabInstrument_Pipeline/data/raw/instrument_run_1777363281.json
2026-04-28 04:01:21,086 - ETL_Pipeline - INFO - Moved: instrument_run_1777363281.json -> data/processed
2026-04-28 04:01:31,078 - ETL_Pipeline - INFO - New file entered pipeline: /Users/lesrene/Desktop/LabInstrument_Pipeline/data/raw/instrument_run_1777363291.json
2026-04-28 04:01:31,084 - ETL_Pipeline - ERROR - VALIDATION_FAILED: Invalid Mass (Unit): 20.059196041903164 g in /Users/lesrene/Desktop/LabInstrument_Pipeline/data/raw/instrument_run_1777363291.json
2026-04-28 04:01:31,089 - ETL_Pipeline - INFO - Moved: instrument_run_1777363291.json -> data/quarantine
2026-04-28 04:01:41,087 - ETL_Pipeline - INFO - New file entered pipeline: /Users/lesrene/Desktop/LabInstrument_Pipeline/data/raw/instrument_run_1777363301.json
2026-04-28 04:01:41,107 - ETL_Pipeline - INFO - Successfully ingested and added rows to database from: /Users/lesrene/Desktop/LabInstrument_Pipeline/data/raw/instrument_run_1777363301.json
2026-04-28 04:01:41,107 - ETL_Pipeline - INFO - VALIDATION_PASSED: File passed validation in /Users/lesrene/Desktop/LabInstrument_Pipeline/data/raw/instrument_run_1777363301.json
2026-04-28 04:01:41,108 - ETL_Pipeline - INFO - Moved: instrument_run_1777363301.json -> data/processed
2026-04-28 04:01:51,098 - ETL_Pipeline - INFO - New file entered pipeline: /Users/lesrene/Desktop/LabInstrument_Pipeline/data/raw/instrument_run_1777363311.json
2026-04-28 04:01:51,114 - ETL_Pipeline - INFO - Successfully ingested and added rows to database from: /Users/lesrene/Desktop/LabInstrument_Pipeline/data/raw/instrument_run_1777363311.json
2026-04-28 04:01:51,114 - ETL_Pipeline - INFO - VALIDATION_PASSED: File passed validation in /Users/lesrene/Desktop/LabInstrument_Pipeline/data/raw/instrument_run_1777363311.json
2026-04-28 04:01:51,115 - ETL_Pipeline - INFO - Moved: instrument_run_1777363311.json -> data/processed
2026-04-28 04:02:01,109 - ETL_Pipeline - INFO - New file entered pipeline: /Users/lesrene/Desktop/LabInstrument_Pipeline/data/raw/instrument_run_1777363321.json
2026-04-28 04:02:01,143 - ETL_Pipeline - INFO - Successfully ingested and added rows to database from: /Users/lesrene/Desktop/LabInstrument_Pipeline/data/raw/instrument_run_1777363321.json
2026-04-28 04:02:01,143 - ETL_Pipeline - INFO - VALIDATION_PASSED: File passed validation in /Users/lesrene/Desktop/LabInstrument_Pipeline/data/raw/instrument_run_1777363321.json
2026-04-28 04:02:01,143 - ETL_Pipeline - INFO - Moved: instrument_run_1777363321.json -> data/processed
2026-04-28 04:02:11,117 - ETL_Pipeline - INFO - New file entered pipeline: /Users/lesrene/Desktop/LabInstrument_Pipeline/data/raw/instrument_run_1777363331.json
2026-04-28 04:02:11,123 - ETL_Pipeline - ERROR - VALIDATION_FAILED: Invalid Mass: -1.0 mg in /Users/lesrene/Desktop/LabInstrument_Pipeline/data/raw/instrument_run_1777363331.json
2026-04-28 04:02:11,126 - ETL_Pipeline - INFO - Moved: instrument_run_1777363331.json -> data/quarantine
2026-04-28 04:02:21,131 - ETL_Pipeline - INFO - New file entered pipeline: /Users/lesrene/Desktop/LabInstrument_Pipeline/data/raw/instrument_run_1777363341.json
2026-04-28 04:02:21,154 - ETL_Pipeline - INFO - Successfully ingested and added rows to database from: /Users/lesrene/Desktop/LabInstrument_Pipeline/data/raw/instrument_run_1777363341.json
2026-04-28 04:02:21,155 - ETL_Pipeline - INFO - VALIDATION_PASSED: File passed validation in /Users/lesrene/Desktop/LabInstrument_Pipeline/data/raw/instrument_run_1777363341.json
2026-04-28 04:02:21,156 - ETL_Pipeline - INFO - Moved: instrument_run_1777363341.json -> data/processed
2026-04-28 04:02:31,143 - ETL_Pipeline - INFO - New file entered pipeline: /Users/lesrene/Desktop/LabInstrument_Pipeline/data/raw/instrument_run_1777363351.json
2026-04-28 04:02:31,160 - ETL_Pipeline - INFO - Successfully ingested and added rows to database from: /Users/lesrene/Desktop/LabInstrument_Pipeline/data/raw/instrument_run_1777363351.json
2026-04-28 04:02:31,160 - ETL_Pipeline - INFO - VALIDATION_PASSED: File passed validation in /Users/lesrene/Desktop/LabInstrument_Pipeline/data/raw/instrument_run_1777363351.json
2026-04-28 04:02:31,161 - ETL_Pipeline - INFO - Moved: instrument_run_1777363351.json -> data/processed
2026-04-28 04:02:41,157 - ETL_Pipeline - INFO - New file entered pipeline: /Users/lesrene/Desktop/LabInstrument_Pipeline/data/raw/instrument_run_1777363361.json
2026-04-28 04:02:41,186 - ETL_Pipeline - INFO - Successfully ingested and added rows to database from: /Users/lesrene/Desktop/LabInstrument_Pipeline/data/raw/instrument_run_1777363361.json
2026-04-28 04:02:41,187 - ETL_Pipeline - INFO - VALIDATION_PASSED: File passed validation in /Users/lesrene/Desktop/LabInstrument_Pipeline/data/raw/instrument_run_1777363361.json
2026-04-28 04:02:41,187 - ETL_Pipeline - INFO - Moved: instrument_run_1777363361.json -> data/processed
2026-04-28 04:02:51,165 - ETL_Pipeline - INFO - New file entered pipeline: /Users/lesrene/Desktop/LabInstrument_Pipeline/data/raw/instrument_run_1777363371.json
2026-04-28 04:02:51,177 - ETL_Pipeline - INFO - Successfully ingested and added rows to database from: /Users/lesrene/Desktop/LabInstrument_Pipeline/data/raw/instrument_run_1777363371.json
2026-04-28 04:02:51,177 - ETL_Pipeline - INFO - VALIDATION_PASSED: File passed validation in /Users/lesrene/Desktop/LabInstrument_Pipeline/data/raw/instrument_run_1777363371.json
2026-04-28 04:02:51,178 - ETL_Pipeline - INFO - Moved: instrument_run_1777363371.json -> data/processed
2026-04-28 04:03:01,190 - ETL_Pipeline - INFO - New file entered pipeline: /Users/lesrene/Desktop/LabInstrument_Pipeline/data/raw/instrument_run_1777363381.json
2026-04-28 04:03:01,273 - ETL_Pipeline - INFO - Successfully ingested and added rows to database from: /Users/lesrene/Desktop/LabInstrument_Pipeline/data/raw/instrument_run_1777363381.json
2026-04-28 04:03:01,274 - ETL_Pipeline - INFO - VALIDATION_PASSED: File passed validation in /Users/lesrene/Desktop/LabInstrument_Pipeline/data/raw/instrument_run_1777363381.json
2026-04-28 04:03:01,279 - ETL_Pipeline - INFO - Moved: instrument_run_1777363381.json -> data/processed
2026-04-28 04:03:11,201 - ETL_Pipeline - INFO - New file entered pipeline: /Users/lesrene/Desktop/LabInstrument_Pipeline/data/raw/instrument_run_1777363391.json
2026-04-28 04:03:11,233 - ETL_Pipeline - INFO - Successfully ingested and added rows to database from: /Users/lesrene/Desktop/LabInstrument_Pipeline/data/raw/instrument_run_1777363391.json
2026-04-28 04:03:11,234 - ETL_Pipeline - INFO - VALIDATION_PASSED: File passed validation in /Users/lesrene/Desktop/LabInstrument_Pipeline/data/raw/instrument_run_1777363391.json
2026-04-28 04:03:11,234 - ETL_Pipeline - INFO - Moved: instrument_run_1777363391.json -> data/processed
2026-04-28 04:03:21,211 - ETL_Pipeline - INFO - New file entered pipeline: /Users/lesrene/Desktop/LabInstrument_Pipeline/data/raw/instrument_run_1777363401.json
2026-04-28 04:03:21,242 - ETL_Pipeline - INFO - Successfully ingested and added rows to database from: /Users/lesrene/Desktop/LabInstrument_Pipeline/data/raw/instrument_run_1777363401.json
2026-04-28 04:03:21,242 - ETL_Pipeline - INFO - VALIDATION_PASSED: File passed validation in /Users/lesrene/Desktop/LabInstrument_Pipeline/data/raw/instrument_run_1777363401.json
2026-04-28 04:03:21,243 - ETL_Pipeline - INFO - Moved: instrument_run_1777363401.json -> data/processed
2026-04-28 04:03:31,219 - ETL_Pipeline - INFO - New file entered pipeline: /Users/lesrene/Desktop/LabInstrument_Pipeline/data/raw/instrument_run_1777363411.json
2026-04-28 04:03:31,245 - ETL_Pipeline - INFO - Successfully ingested and added rows to database from: /Users/lesrene/Desktop/LabInstrument_Pipeline/data/raw/instrument_run_1777363411.json
2026-04-28 04:03:31,245 - ETL_Pipeline - INFO - VALIDATION_PASSED: File passed validation in /Users/lesrene/Desktop/LabInstrument_Pipeline/data/raw/instrument_run_1777363411.json
2026-04-28 04:03:31,246 - ETL_Pipeline - INFO - Moved: instrument_run_1777363411.json -> data/processed
2026-04-28 04:03:41,225 - ETL_Pipeline - INFO - New file entered pipeline: /Users/lesrene/Desktop/LabInstrument_Pipeline/data/raw/instrument_run_1777363421.json
2026-04-28 04:03:41,237 - ETL_Pipeline - INFO - Successfully ingested and added rows to database from: /Users/lesrene/Desktop/LabInstrument_Pipeline/data/raw/instrument_run_1777363421.json
2026-04-28 04:03:41,237 - ETL_Pipeline - INFO - VALIDATION_PASSED: File passed validation in /Users/lesrene/Desktop/LabInstrument_Pipeline/data/raw/instrument_run_1777363421.json
2026-04-28 04:03:41,238 - ETL_Pipeline - INFO - Moved: instrument_run_1777363421.json -> data/processed
2026-04-28 04:03:51,236 - ETL_Pipeline - INFO - New file entered pipeline: /Users/lesrene/Desktop/LabInstrument_Pipeline/data/raw/instrument_run_1777363431.json
2026-04-28 04:03:51,254 - ETL_Pipeline - INFO - Successfully ingested and added rows to database from: /Users/lesrene/Desktop/LabInstrument_Pipeline/data/raw/instrument_run_1777363431.json
2026-04-28 04:03:51,255 - ETL_Pipeline - INFO - VALIDATION_PASSED: File passed validation in /Users/lesrene/Desktop/LabInstrument_Pipeline/data/raw/instrument_run_1777363431.json
2026-04-28 04:03:51,255 - ETL_Pipeline - INFO - Moved: instrument_run_1777363431.json -> data/processed
2026-04-28 04:04:01,245 - ETL_Pipeline - INFO - New file entered pipeline: /Users/lesrene/Desktop/LabInstrument_Pipeline/data/raw/instrument_run_1777363441.json
2026-04-28 04:04:01,273 - ETL_Pipeline - INFO - Successfully ingested and added rows to database from: /Users/lesrene/Desktop/LabInstrument_Pipeline/data/raw/instrument_run_1777363441.json
2026-04-28 04:04:01,273 - ETL_Pipeline - INFO - VALIDATION_PASSED: File passed validation in /Users/lesrene/Desktop/LabInstrument_Pipeline/data/raw/instrument_run_1777363441.json
2026-04-28 04:04:01,274 - ETL_Pipeline - INFO - Moved: instrument_run_1777363441.json -> data/processed
2026-04-28 04:04:11,255 - ETL_Pipeline - INFO - New file entered pipeline: /Users/lesrene/Desktop/LabInstrument_Pipeline/data/raw/instrument_run_1777363451.json
2026-04-28 04:04:11,280 - ETL_Pipeline - INFO - Successfully ingested and added rows to database from: /Users/lesrene/Desktop/LabInstrument_Pipeline/data/raw/instrument_run_1777363451.json
2026-04-28 04:04:11,280 - ETL_Pipeline - INFO - VALIDATION_PASSED: File passed validation in /Users/lesrene/Desktop/LabInstrument_Pipeline/data/raw/instrument_run_1777363451.json
2026-04-28 04:04:11,281 - ETL_Pipeline - INFO - Moved: instrument_run_1777363451.json -> data/processed
2026-04-28 04:04:21,263 - ETL_Pipeline - INFO - New file entered pipeline: /Users/lesrene/Desktop/LabInstrument_Pipeline/data/raw/instrument_run_1777363461.json
2026-04-28 04:04:21,285 - ETL_Pipeline - INFO - Successfully ingested and added rows to database from: /Users/lesrene/Desktop/LabInstrument_Pipeline/data/raw/instrument_run_1777363461.json
2026-04-28 04:04:21,285 - ETL_Pipeline - INFO - VALIDATION_PASSED: File passed validation in /Users/lesrene/Desktop/LabInstrument_Pipeline/data/raw/instrument_run_1777363461.json
2026-04-28 04:04:21,286 - ETL_Pipeline - INFO - Moved: instrument_run_1777363461.json -> data/processed
2026-04-28 04:04:31,276 - ETL_Pipeline - INFO - New file entered pipeline: /Users/lesrene/Desktop/LabInstrument_Pipeline/data/raw/instrument_run_1777363471.json
2026-04-28 04:04:31,296 - ETL_Pipeline - INFO - Successfully ingested and added rows to database from: /Users/lesrene/Desktop/LabInstrument_Pipeline/data/raw/instrument_run_1777363471.json
2026-04-28 04:04:31,297 - ETL_Pipeline - INFO - VALIDATION_PASSED: File passed validation in /Users/lesrene/Desktop/LabInstrument_Pipeline/data/raw/instrument_run_1777363471.json
2026-04-28 04:04:31,297 - ETL_Pipeline - INFO - Moved: instrument_run_1777363471.json -> data/processed
2026-04-28 04:04:41,289 - ETL_Pipeline - INFO - New file entered pipeline: /Users/lesrene/Desktop/LabInstrument_Pipeline/data/raw/instrument_run_1777363481.json
2026-04-28 04:04:41,308 - ETL_Pipeline - INFO - Successfully ingested and added rows to database from: /Users/lesrene/Desktop/LabInstrument_Pipeline/data/raw/instrument_run_1777363481.json
2026-04-28 04:04:41,308 - ETL_Pipeline - INFO - VALIDATION_PASSED: File passed validation in /Users/lesrene/Desktop/LabInstrument_Pipeline/data/raw/instrument_run_1777363481.json
2026-04-28 04:04:41,309 - ETL_Pipeline - INFO - Moved: instrument_run_1777363481.json -> data/processed
2026-04-28 04:04:51,302 - ETL_Pipeline - INFO - New file entered pipeline: /Users/lesrene/Desktop/LabInstrument_Pipeline/data/raw/instrument_run_1777363491.json
2026-04-28 04:04:51,329 - ETL_Pipeline - INFO - Successfully ingested and added rows to database from: /Users/lesrene/Desktop/LabInstrument_Pipeline/data/raw/instrument_run_1777363491.json
2026-04-28 04:04:51,330 - ETL_Pipeline - INFO - VALIDATION_PASSED: File passed validation in /Users/lesrene/Desktop/LabInstrument_Pipeline/data/raw/instrument_run_1777363491.json
2026-04-28 04:04:51,334 - ETL_Pipeline - INFO - Moved: instrument_run_1777363491.json -> data/processed
2026-04-28 04:05:01,316 - ETL_Pipeline - INFO - New file entered pipeline: /Users/lesrene/Desktop/LabInstrument_Pipeline/data/raw/instrument_run_1777363501.json
2026-04-28 04:05:01,335 - ETL_Pipeline - INFO - Successfully ingested and added rows to database from: /Users/lesrene/Desktop/LabInstrument_Pipeline/data/raw/instrument_run_1777363501.json
2026-04-28 04:05:01,336 - ETL_Pipeline - INFO - VALIDATION_PASSED: File passed validation in /Users/lesrene/Desktop/LabInstrument_Pipeline/data/raw/instrument_run_1777363501.json
2026-04-28 04:05:01,336 - ETL_Pipeline - INFO - Moved: instrument_run_1777363501.json -> data/processed
2026-04-28 04:05:11,326 - ETL_Pipeline - INFO - New file entered pipeline: /Users/lesrene/Desktop/LabInstrument_Pipeline/data/raw/instrument_run_1777363511.json
2026-04-28 04:05:11,344 - ETL_Pipeline - INFO - Successfully ingested and added rows to database from: /Users/lesrene/Desktop/LabInstrument_Pipeline/data/raw/instrument_run_1777363511.json
2026-04-28 04:05:11,345 - ETL_Pipeline - INFO - VALIDATION_PASSED: File passed validation in /Users/lesrene/Desktop/LabInstrument_Pipeline/data/raw/instrument_run_1777363511.json
2026-04-28 04:05:11,345 - ETL_Pipeline - INFO - Moved: instrument_run_1777363511.json -> data/processed
2026-04-28 04:05:21,338 - ETL_Pipeline - INFO - New file entered pipeline: /Users/lesrene/Desktop/LabInstrument_Pipeline/data/raw/instrument_run_1777363521.json
2026-04-28 04:05:21,344 - ETL_Pipeline - ERROR - VALIDATION_FAILED: Invalid Mass: -1.0 mg in /Users/lesrene/Desktop/LabInstrument_Pipeline/data/raw/instrument_run_1777363521.json
2026-04-28 04:05:21,348 - ETL_Pipeline - INFO - Moved: instrument_run_1777363521.json -> data/quarantine
2026-04-28 04:05:31,356 - ETL_Pipeline - INFO - New file entered pipeline: /Users/lesrene/Desktop/LabInstrument_Pipeline/data/raw/instrument_run_1777363531.json
2026-04-28 04:05:31,377 - ETL_Pipeline - INFO - Successfully ingested and added rows to database from: /Users/lesrene/Desktop/LabInstrument_Pipeline/data/raw/instrument_run_1777363531.json
2026-04-28 04:05:31,377 - ETL_Pipeline - INFO - VALIDATION_PASSED: File passed validation in /Users/lesrene/Desktop/LabInstrument_Pipeline/data/raw/instrument_run_1777363531.json
2026-04-28 04:05:31,378 - ETL_Pipeline - INFO - Moved: instrument_run_1777363531.json -> data/processed
2026-04-28 04:05:41,356 - ETL_Pipeline - INFO - New file entered pipeline: /Users/lesrene/Desktop/LabInstrument_Pipeline/data/raw/instrument_run_1777363541.json
2026-04-28 04:05:41,369 - ETL_Pipeline - INFO - Successfully ingested and added rows to database from: /Users/lesrene/Desktop/LabInstrument_Pipeline/data/raw/instrument_run_1777363541.json
2026-04-28 04:05:41,369 - ETL_Pipeline - INFO - VALIDATION_PASSED: File passed validation in /Users/lesrene/Desktop/LabInstrument_Pipeline/data/raw/instrument_run_1777363541.json
2026-04-28 04:05:41,370 - ETL_Pipeline - INFO - Moved: instrument_run_1777363541.json -> data/processed
2026-04-28 04:05:51,367 - ETL_Pipeline - INFO - New file entered pipeline: /Users/lesrene/Desktop/LabInstrument_Pipeline/data/raw/instrument_run_1777363551.json
2026-04-28 04:05:51,378 - ETL_Pipeline - INFO - Successfully ingested and added rows to database from: /Users/lesrene/Desktop/LabInstrument_Pipeline/data/raw/instrument_run_1777363551.json
2026-04-28 04:05:51,378 - ETL_Pipeline - INFO - VALIDATION_PASSED: File passed validation in /Users/lesrene/Desktop/LabInstrument_Pipeline/data/raw/instrument_run_1777363551.json
2026-04-28 04:05:51,378 - ETL_Pipeline - INFO - Moved: instrument_run_1777363551.json -> data/processed
2026-04-28 04:06:01,389 - ETL_Pipeline - INFO - New file entered pipeline: /Users/lesrene/Desktop/LabInstrument_Pipeline/data/raw/instrument_run_1777363561.json
2026-04-28 04:06:01,419 - ETL_Pipeline - INFO - Successfully ingested and added rows to database from: /Users/lesrene/Desktop/LabInstrument_Pipeline/data/raw/instrument_run_1777363561.json
2026-04-28 04:06:01,419 - ETL_Pipeline - INFO - VALIDATION_PASSED: File passed validation in /Users/lesrene/Desktop/LabInstrument_Pipeline/data/raw/instrument_run_1777363561.json
2026-04-28 04:06:01,420 - ETL_Pipeline - INFO - Moved: instrument_run_1777363561.json -> data/processed
2026-04-28 04:06:11,392 - ETL_Pipeline - INFO - New file entered pipeline: /Users/lesrene/Desktop/LabInstrument_Pipeline/data/raw/instrument_run_1777363571.json
2026-04-28 04:06:11,414 - ETL_Pipeline - INFO - Successfully ingested and added rows to database from: /Users/lesrene/Desktop/LabInstrument_Pipeline/data/raw/instrument_run_1777363571.json
2026-04-28 04:06:11,415 - ETL_Pipeline - INFO - VALIDATION_PASSED: File passed validation in /Users/lesrene/Desktop/LabInstrument_Pipeline/data/raw/instrument_run_1777363571.json
2026-04-28 04:06:11,415 - ETL_Pipeline - INFO - Moved: instrument_run_1777363571.json -> data/processed
2026-04-28 04:06:21,399 - ETL_Pipeline - INFO - New file entered pipeline: /Users/lesrene/Desktop/LabInstrument_Pipeline/data/raw/instrument_run_1777363581.json
2026-04-28 04:06:21,409 - ETL_Pipeline - INFO - Successfully ingested and added rows to database from: /Users/lesrene/Desktop/LabInstrument_Pipeline/data/raw/instrument_run_1777363581.json
2026-04-28 04:06:21,409 - ETL_Pipeline - INFO - VALIDATION_PASSED: File passed validation in /Users/lesrene/Desktop/LabInstrument_Pipeline/data/raw/instrument_run_1777363581.json
2026-04-28 04:06:21,410 - ETL_Pipeline - INFO - Moved: instrument_run_1777363581.json -> data/processed
2026-04-28 04:06:31,408 - ETL_Pipeline - INFO - New file entered pipeline: /Users/lesrene/Desktop/LabInstrument_Pipeline/data/raw/instrument_run_1777363591.json
2026-04-28 04:06:31,440 - ETL_Pipeline - INFO - Successfully ingested and added rows to database from: /Users/lesrene/Desktop/LabInstrument_Pipeline/data/raw/instrument_run_1777363591.json
2026-04-28 04:06:31,443 - ETL_Pipeline - INFO - VALIDATION_PASSED: File passed validation in /Users/lesrene/Desktop/LabInstrument_Pipeline/data/raw/instrument_run_1777363591.json
2026-04-28 04:06:31,446 - ETL_Pipeline - INFO - Moved: instrument_run_1777363591.json -> data/processed
2026-04-28 04:06:41,422 - ETL_Pipeline - INFO - New file entered pipeline: /Users/lesrene/Desktop/LabInstrument_Pipeline/data/raw/instrument_run_1777363601.json
2026-04-28 04:06:41,443 - ETL_Pipeline - INFO - Successfully ingested and added rows to database from: /Users/lesrene/Desktop/LabInstrument_Pipeline/data/raw/instrument_run_1777363601.json
2026-04-28 04:06:41,443 - ETL_Pipeline - INFO - VALIDATION_PASSED: File passed validation in /Users/lesrene/Desktop/LabInstrument_Pipeline/data/raw/instrument_run_1777363601.json
2026-04-28 04:06:41,444 - ETL_Pipeline - INFO - Moved: instrument_run_1777363601.json -> data/processed
2026-04-28 04:06:51,430 - ETL_Pipeline - INFO - New file entered pipeline: /Users/lesrene/Desktop/LabInstrument_Pipeline/data/raw/instrument_run_1777363611.json
2026-04-28 04:06:51,466 - ETL_Pipeline - INFO - Successfully ingested and added rows to database from: /Users/lesrene/Desktop/LabInstrument_Pipeline/data/raw/instrument_run_1777363611.json
2026-04-28 04:06:51,466 - ETL_Pipeline - INFO - VALIDATION_PASSED: File passed validation in /Users/lesrene/Desktop/LabInstrument_Pipeline/data/raw/instrument_run_1777363611.json
2026-04-28 04:06:51,467 - ETL_Pipeline - INFO - Moved: instrument_run_1777363611.json -> data/processed
2026-04-28 04:07:01,437 - ETL_Pipeline - INFO - New file entered pipeline: /Users/lesrene/Desktop/LabInstrument_Pipeline/data/raw/instrument_run_1777363621.json
2026-04-28 04:07:01,445 - ETL_Pipeline - INFO - Successfully ingested and added rows to database from: /Users/lesrene/Desktop/LabInstrument_Pipeline/data/raw/instrument_run_1777363621.json
2026-04-28 04:07:01,446 - ETL_Pipeline - INFO - VALIDATION_PASSED: File passed validation in /Users/lesrene/Desktop/LabInstrument_Pipeline/data/raw/instrument_run_1777363621.json
2026-04-28 04:07:01,446 - ETL_Pipeline - INFO - Moved: instrument_run_1777363621.json -> data/processed
2026-04-28 04:07:11,447 - ETL_Pipeline - INFO - New file entered pipeline: /Users/lesrene/Desktop/LabInstrument_Pipeline/data/raw/instrument_run_1777363631.json
2026-04-28 04:07:11,462 - ETL_Pipeline - INFO - Successfully ingested and added rows to database from: /Users/lesrene/Desktop/LabInstrument_Pipeline/data/raw/instrument_run_1777363631.json
2026-04-28 04:07:11,462 - ETL_Pipeline - INFO - VALIDATION_PASSED: File passed validation in /Users/lesrene/Desktop/LabInstrument_Pipeline/data/raw/instrument_run_1777363631.json
2026-04-28 04:07:11,463 - ETL_Pipeline - INFO - Moved: instrument_run_1777363631.json -> data/processed
2026-04-28 04:07:21,456 - ETL_Pipeline - INFO - New file entered pipeline: /Users/lesrene/Desktop/LabInstrument_Pipeline/data/raw/instrument_run_1777363641.json
2026-04-28 04:07:21,470 - ETL_Pipeline - INFO - Successfully ingested and added rows to database from: /Users/lesrene/Desktop/LabInstrument_Pipeline/data/raw/instrument_run_1777363641.json
2026-04-28 04:07:21,470 - ETL_Pipeline - INFO - VALIDATION_PASSED: File passed validation in /Users/lesrene/Desktop/LabInstrument_Pipeline/data/raw/instrument_run_1777363641.json
2026-04-28 04:07:21,471 - ETL_Pipeline - INFO - Moved: instrument_run_1777363641.json -> data/processed
2026-04-28 04:07:31,467 - ETL_Pipeline - INFO - New file entered pipeline: /Users/lesrene/Desktop/LabInstrument_Pipeline/data/raw/instrument_run_1777363651.json
2026-04-28 04:07:31,479 - ETL_Pipeline - INFO - Successfully ingested and added rows to database from: /Users/lesrene/Desktop/LabInstrument_Pipeline/data/raw/instrument_run_1777363651.json
2026-04-28 04:07:31,479 - ETL_Pipeline - INFO - VALIDATION_PASSED: File passed validation in /Users/lesrene/Desktop/LabInstrument_Pipeline/data/raw/instrument_run_1777363651.json
2026-04-28 04:07:31,480 - ETL_Pipeline - INFO - Moved: instrument_run_1777363651.json -> data/processed
2026-04-28 04:07:41,482 - ETL_Pipeline - INFO - New file entered pipeline: /Users/lesrene/Desktop/LabInstrument_Pipeline/data/raw/instrument_run_1777363661.json
2026-04-28 04:07:41,504 - ETL_Pipeline - INFO - Successfully ingested and added rows to database from: /Users/lesrene/Desktop/LabInstrument_Pipeline/data/raw/instrument_run_1777363661.json
2026-04-28 04:07:41,504 - ETL_Pipeline - INFO - VALIDATION_PASSED: File passed validation in /Users/lesrene/Desktop/LabInstrument_Pipeline/data/raw/instrument_run_1777363661.json
2026-04-28 04:07:41,505 - ETL_Pipeline - INFO - Moved: instrument_run_1777363661.json -> data/processed
2026-04-28 04:07:51,486 - ETL_Pipeline - INFO - New file entered pipeline: /Users/lesrene/Desktop/LabInstrument_Pipeline/data/raw/instrument_run_1777363671.json
2026-04-28 04:07:51,496 - ETL_Pipeline - INFO - Successfully ingested and added rows to database from: /Users/lesrene/Desktop/LabInstrument_Pipeline/data/raw/instrument_run_1777363671.json
2026-04-28 04:07:51,496 - ETL_Pipeline - INFO - VALIDATION_PASSED: File passed validation in /Users/lesrene/Desktop/LabInstrument_Pipeline/data/raw/instrument_run_1777363671.json
2026-04-28 04:07:51,497 - ETL_Pipeline - INFO - Moved: instrument_run_1777363671.json -> data/processed
2026-04-28 04:08:01,498 - ETL_Pipeline - INFO - New file entered pipeline: /Users/lesrene/Desktop/LabInstrument_Pipeline/data/raw/instrument_run_1777363681.json
2026-04-28 04:08:01,514 - ETL_Pipeline - INFO - Successfully ingested and added rows to database from: /Users/lesrene/Desktop/LabInstrument_Pipeline/data/raw/instrument_run_1777363681.json
2026-04-28 04:08:01,514 - ETL_Pipeline - INFO - VALIDATION_PASSED: File passed validation in /Users/lesrene/Desktop/LabInstrument_Pipeline/data/raw/instrument_run_1777363681.json
2026-04-28 04:08:01,515 - ETL_Pipeline - INFO - Moved: instrument_run_1777363681.json -> data/processed
2026-04-28 04:08:11,508 - ETL_Pipeline - INFO - New file entered pipeline: /Users/lesrene/Desktop/LabInstrument_Pipeline/data/raw/instrument_run_1777363691.json
2026-04-28 04:08:11,521 - ETL_Pipeline - INFO - Successfully ingested and added rows to database from: /Users/lesrene/Desktop/LabInstrument_Pipeline/data/raw/instrument_run_1777363691.json
2026-04-28 04:08:11,522 - ETL_Pipeline - INFO - VALIDATION_PASSED: File passed validation in /Users/lesrene/Desktop/LabInstrument_Pipeline/data/raw/instrument_run_1777363691.json
2026-04-28 04:08:11,523 - ETL_Pipeline - INFO - Moved: instrument_run_1777363691.json -> data/processed
2026-04-28 04:08:21,520 - ETL_Pipeline - INFO - New file entered pipeline: /Users/lesrene/Desktop/LabInstrument_Pipeline/data/raw/instrument_run_1777363701.json
2026-04-28 04:08:21,535 - ETL_Pipeline - INFO - Successfully ingested and added rows to database from: /Users/lesrene/Desktop/LabInstrument_Pipeline/data/raw/instrument_run_1777363701.json
2026-04-28 04:08:21,535 - ETL_Pipeline - INFO - VALIDATION_PASSED: File passed validation in /Users/lesrene/Desktop/LabInstrument_Pipeline/data/raw/instrument_run_1777363701.json
2026-04-28 04:08:21,536 - ETL_Pipeline - INFO - Moved: instrument_run_1777363701.json -> data/processed
2026-04-28 04:08:31,531 - ETL_Pipeline - INFO - New file entered pipeline: /Users/lesrene/Desktop/LabInstrument_Pipeline/data/raw/instrument_run_1777363711.json
2026-04-28 04:08:31,544 - ETL_Pipeline - INFO - Successfully ingested and added rows to database from: /Users/lesrene/Desktop/LabInstrument_Pipeline/data/raw/instrument_run_1777363711.json
2026-04-28 04:08:31,545 - ETL_Pipeline - INFO - VALIDATION_PASSED: File passed validation in /Users/lesrene/Desktop/LabInstrument_Pipeline/data/raw/instrument_run_1777363711.json
2026-04-28 04:08:31,545 - ETL_Pipeline - INFO - Moved: instrument_run_1777363711.json -> data/processed
2026-04-28 04:08:41,544 - ETL_Pipeline - INFO - New file entered pipeline: /Users/lesrene/Desktop/LabInstrument_Pipeline/data/raw/instrument_run_1777363721.json
2026-04-28 04:08:41,566 - ETL_Pipeline - INFO - Successfully ingested and added rows to database from: /Users/lesrene/Desktop/LabInstrument_Pipeline/data/raw/instrument_run_1777363721.json
2026-04-28 04:08:41,567 - ETL_Pipeline - INFO - VALIDATION_PASSED: File passed validation in /Users/lesrene/Desktop/LabInstrument_Pipeline/data/raw/instrument_run_1777363721.json
2026-04-28 04:08:41,568 - ETL_Pipeline - INFO - Moved: instrument_run_1777363721.json -> data/processed
2026-04-28 04:08:51,556 - ETL_Pipeline - INFO - New file entered pipeline: /Users/lesrene/Desktop/LabInstrument_Pipeline/data/raw/instrument_run_1777363731.json
2026-04-28 04:08:51,589 - ETL_Pipeline - INFO - Successfully ingested and added rows to database from: /Users/lesrene/Desktop/LabInstrument_Pipeline/data/raw/instrument_run_1777363731.json
2026-04-28 04:08:51,589 - ETL_Pipeline - INFO - VALIDATION_PASSED: File passed validation in /Users/lesrene/Desktop/LabInstrument_Pipeline/data/raw/instrument_run_1777363731.json
2026-04-28 04:08:51,590 - ETL_Pipeline - INFO - Moved: instrument_run_1777363731.json -> data/processed
2026-04-28 04:09:01,569 - ETL_Pipeline - INFO - New file entered pipeline: /Users/lesrene/Desktop/LabInstrument_Pipeline/data/raw/instrument_run_1777363741.json
2026-04-28 04:09:01,598 - ETL_Pipeline - INFO - Successfully ingested and added rows to database from: /Users/lesrene/Desktop/LabInstrument_Pipeline/data/raw/instrument_run_1777363741.json
2026-04-28 04:09:01,598 - ETL_Pipeline - INFO - VALIDATION_PASSED: File passed validation in /Users/lesrene/Desktop/LabInstrument_Pipeline/data/raw/instrument_run_1777363741.json
2026-04-28 04:09:01,599 - ETL_Pipeline - INFO - Moved: instrument_run_1777363741.json -> data/processed
2026-04-28 04:09:11,568 - ETL_Pipeline - INFO - New file entered pipeline: /Users/lesrene/Desktop/LabInstrument_Pipeline/data/raw/instrument_run_1777363751.json
2026-04-28 04:09:11,585 - ETL_Pipeline - INFO - Successfully ingested and added rows to database from: /Users/lesrene/Desktop/LabInstrument_Pipeline/data/raw/instrument_run_1777363751.json
2026-04-28 04:09:11,585 - ETL_Pipeline - INFO - VALIDATION_PASSED: File passed validation in /Users/lesrene/Desktop/LabInstrument_Pipeline/data/raw/instrument_run_1777363751.json
2026-04-28 04:09:11,585 - ETL_Pipeline - INFO - Moved: instrument_run_1777363751.json -> data/processed
2026-04-28 04:09:21,589 - ETL_Pipeline - INFO - New file entered pipeline: /Users/lesrene/Desktop/LabInstrument_Pipeline/data/raw/instrument_run_1777363761.json
2026-04-28 04:09:21,609 - ETL_Pipeline - INFO - Successfully ingested and added rows to database from: /Users/lesrene/Desktop/LabInstrument_Pipeline/data/raw/instrument_run_1777363761.json
2026-04-28 04:09:21,609 - ETL_Pipeline - INFO - VALIDATION_PASSED: File passed validation in /Users/lesrene/Desktop/LabInstrument_Pipeline/data/raw/instrument_run_1777363761.json
2026-04-28 04:09:21,610 - ETL_Pipeline - INFO - Moved: instrument_run_1777363761.json -> data/processed
2026-04-28 04:09:31,605 - ETL_Pipeline - INFO - New file entered pipeline: /Users/lesrene/Desktop/LabInstrument_Pipeline/data/raw/instrument_run_1777363771.json
2026-04-28 04:09:31,625 - ETL_Pipeline - INFO - Successfully ingested and added rows to database from: /Users/lesrene/Desktop/LabInstrument_Pipeline/data/raw/instrument_run_1777363771.json
2026-04-28 04:09:31,625 - ETL_Pipeline - INFO - VALIDATION_PASSED: File passed validation in /Users/lesrene/Desktop/LabInstrument_Pipeline/data/raw/instrument_run_1777363771.json
2026-04-28 04:09:31,626 - ETL_Pipeline - INFO - Moved: instrument_run_1777363771.json -> data/processed
2026-04-28 04:09:41,613 - ETL_Pipeline - INFO - New file entered pipeline: /Users/lesrene/Desktop/LabInstrument_Pipeline/data/raw/instrument_run_1777363781.json
2026-04-28 04:09:41,625 - ETL_Pipeline - INFO - Successfully ingested and added rows to database from: /Users/lesrene/Desktop/LabInstrument_Pipeline/data/raw/instrument_run_1777363781.json
2026-04-28 04:09:41,626 - ETL_Pipeline - INFO - VALIDATION_PASSED: File passed validation in /Users/lesrene/Desktop/LabInstrument_Pipeline/data/raw/instrument_run_1777363781.json
2026-04-28 04:09:41,627 - ETL_Pipeline - INFO - Moved: instrument_run_1777363781.json -> data/processed
2026-04-28 04:09:51,622 - ETL_Pipeline - INFO - New file entered pipeline: /Users/lesrene/Desktop/LabInstrument_Pipeline/data/raw/instrument_run_1777363791.json
2026-04-28 04:09:51,642 - ETL_Pipeline - INFO - Successfully ingested and added rows to database from: /Users/lesrene/Desktop/LabInstrument_Pipeline/data/raw/instrument_run_1777363791.json
2026-04-28 04:09:51,643 - ETL_Pipeline - INFO - VALIDATION_PASSED: File passed validation in /Users/lesrene/Desktop/LabInstrument_Pipeline/data/raw/instrument_run_1777363791.json
2026-04-28 04:09:51,643 - ETL_Pipeline - INFO - Moved: instrument_run_1777363791.json -> data/processed
2026-04-28 04:10:01,633 - ETL_Pipeline - INFO - New file entered pipeline: /Users/lesrene/Desktop/LabInstrument_Pipeline/data/raw/instrument_run_1777363801.json
2026-04-28 04:10:01,660 - ETL_Pipeline - INFO - Successfully ingested and added rows to database from: /Users/lesrene/Desktop/LabInstrument_Pipeline/data/raw/instrument_run_1777363801.json
2026-04-28 04:10:01,660 - ETL_Pipeline - INFO - VALIDATION_PASSED: File passed validation in /Users/lesrene/Desktop/LabInstrument_Pipeline/data/raw/instrument_run_1777363801.json
2026-04-28 04:10:01,660 - ETL_Pipeline - INFO - Moved: instrument_run_1777363801.json -> data/processed
2026-04-28 04:10:11,638 - ETL_Pipeline - INFO - New file entered pipeline: /Users/lesrene/Desktop/LabInstrument_Pipeline/data/raw/instrument_run_1777363811.json
2026-04-28 04:10:11,663 - ETL_Pipeline - INFO - Successfully ingested and added rows to database from: /Users/lesrene/Desktop/LabInstrument_Pipeline/data/raw/instrument_run_1777363811.json
2026-04-28 04:10:11,664 - ETL_Pipeline - INFO - VALIDATION_PASSED: File passed validation in /Users/lesrene/Desktop/LabInstrument_Pipeline/data/raw/instrument_run_1777363811.json
2026-04-28 04:10:11,664 - ETL_Pipeline - INFO - Moved: instrument_run_1777363811.json -> data/processed
2026-04-28 04:10:21,650 - ETL_Pipeline - INFO - New file entered pipeline: /Users/lesrene/Desktop/LabInstrument_Pipeline/data/raw/instrument_run_1777363821.json
2026-04-28 04:10:21,658 - ETL_Pipeline - INFO - Successfully ingested and added rows to database from: /Users/lesrene/Desktop/LabInstrument_Pipeline/data/raw/instrument_run_1777363821.json
2026-04-28 04:10:21,658 - ETL_Pipeline - INFO - VALIDATION_PASSED: File passed validation in /Users/lesrene/Desktop/LabInstrument_Pipeline/data/raw/instrument_run_1777363821.json
2026-04-28 04:10:21,659 - ETL_Pipeline - INFO - Moved: instrument_run_1777363821.json -> data/processed
2026-04-28 04:10:31,663 - ETL_Pipeline - INFO - New file entered pipeline: /Users/lesrene/Desktop/LabInstrument_Pipeline/data/raw/instrument_run_1777363831.json
2026-04-28 04:10:31,690 - ETL_Pipeline - INFO - Successfully ingested and added rows to database from: /Users/lesrene/Desktop/LabInstrument_Pipeline/data/raw/instrument_run_1777363831.json
2026-04-28 04:10:31,691 - ETL_Pipeline - INFO - VALIDATION_PASSED: File passed validation in /Users/lesrene/Desktop/LabInstrument_Pipeline/data/raw/instrument_run_1777363831.json
2026-04-28 04:10:31,692 - ETL_Pipeline - INFO - Moved: instrument_run_1777363831.json -> data/processed
2026-04-28 04:10:41,670 - ETL_Pipeline - INFO - New file entered pipeline: /Users/lesrene/Desktop/LabInstrument_Pipeline/data/raw/instrument_run_1777363841.json
2026-04-28 04:10:41,691 - ETL_Pipeline - INFO - Successfully ingested and added rows to database from: /Users/lesrene/Desktop/LabInstrument_Pipeline/data/raw/instrument_run_1777363841.json
2026-04-28 04:10:41,691 - ETL_Pipeline - INFO - VALIDATION_PASSED: File passed validation in /Users/lesrene/Desktop/LabInstrument_Pipeline/data/raw/instrument_run_1777363841.json
2026-04-28 04:10:41,692 - ETL_Pipeline - INFO - Moved: instrument_run_1777363841.json -> data/processed
2026-04-28 04:10:51,682 - ETL_Pipeline - INFO - New file entered pipeline: /Users/lesrene/Desktop/LabInstrument_Pipeline/data/raw/instrument_run_1777363851.json
2026-04-28 04:10:51,704 - ETL_Pipeline - INFO - Successfully ingested and added rows to database from: /Users/lesrene/Desktop/LabInstrument_Pipeline/data/raw/instrument_run_1777363851.json
2026-04-28 04:10:51,704 - ETL_Pipeline - INFO - VALIDATION_PASSED: File passed validation in /Users/lesrene/Desktop/LabInstrument_Pipeline/data/raw/instrument_run_1777363851.json
2026-04-28 04:10:51,705 - ETL_Pipeline - INFO - Moved: instrument_run_1777363851.json -> data/processed
2026-04-28 04:11:01,688 - ETL_Pipeline - INFO - New file entered pipeline: /Users/lesrene/Desktop/LabInstrument_Pipeline/data/raw/instrument_run_1777363861.json
2026-04-28 04:11:01,705 - ETL_Pipeline - INFO - Successfully ingested and added rows to database from: /Users/lesrene/Desktop/LabInstrument_Pipeline/data/raw/instrument_run_1777363861.json
2026-04-28 04:11:01,706 - ETL_Pipeline - INFO - VALIDATION_PASSED: File passed validation in /Users/lesrene/Desktop/LabInstrument_Pipeline/data/raw/instrument_run_1777363861.json
2026-04-28 04:11:01,706 - ETL_Pipeline - INFO - Moved: instrument_run_1777363861.json -> data/processed
2026-04-28 04:11:11,699 - ETL_Pipeline - INFO - New file entered pipeline: /Users/lesrene/Desktop/LabInstrument_Pipeline/data/raw/instrument_run_1777363871.json
2026-04-28 04:11:11,723 - ETL_Pipeline - INFO - Successfully ingested and added rows to database from: /Users/lesrene/Desktop/LabInstrument_Pipeline/data/raw/instrument_run_1777363871.json
2026-04-28 04:11:11,724 - ETL_Pipeline - INFO - VALIDATION_PASSED: File passed validation in /Users/lesrene/Desktop/LabInstrument_Pipeline/data/raw/instrument_run_1777363871.json
2026-04-28 04:11:11,725 - ETL_Pipeline - INFO - Moved: instrument_run_1777363871.json -> data/processed
2026-04-28 04:11:21,705 - ETL_Pipeline - INFO - New file entered pipeline: /Users/lesrene/Desktop/LabInstrument_Pipeline/data/raw/instrument_run_1777363881.json
2026-04-28 04:11:21,716 - ETL_Pipeline - INFO - Successfully ingested and added rows to database from: /Users/lesrene/Desktop/LabInstrument_Pipeline/data/raw/instrument_run_1777363881.json
2026-04-28 04:11:21,716 - ETL_Pipeline - INFO - VALIDATION_PASSED: File passed validation in /Users/lesrene/Desktop/LabInstrument_Pipeline/data/raw/instrument_run_1777363881.json
2026-04-28 04:11:21,717 - ETL_Pipeline - INFO - Moved: instrument_run_1777363881.json -> data/processed
2026-04-28 04:11:31,728 - ETL_Pipeline - INFO - New file entered pipeline: /Users/lesrene/Desktop/LabInstrument_Pipeline/data/raw/instrument_run_1777363891.json
2026-04-28 04:11:31,747 - ETL_Pipeline - INFO - Successfully ingested and added rows to database from: /Users/lesrene/Desktop/LabInstrument_Pipeline/data/raw/instrument_run_1777363891.json
2026-04-28 04:11:31,747 - ETL_Pipeline - INFO - VALIDATION_PASSED: File passed validation in /Users/lesrene/Desktop/LabInstrument_Pipeline/data/raw/instrument_run_1777363891.json
2026-04-28 04:11:31,748 - ETL_Pipeline - INFO - Moved: instrument_run_1777363891.json -> data/processed
2026-04-28 04:11:41,735 - ETL_Pipeline - INFO - New file entered pipeline: /Users/lesrene/Desktop/LabInstrument_Pipeline/data/raw/instrument_run_1777363901.json
2026-04-28 04:11:41,757 - ETL_Pipeline - INFO - Successfully ingested and added rows to database from: /Users/lesrene/Desktop/LabInstrument_Pipeline/data/raw/instrument_run_1777363901.json
2026-04-28 04:11:41,758 - ETL_Pipeline - INFO - VALIDATION_PASSED: File passed validation in /Users/lesrene/Desktop/LabInstrument_Pipeline/data/raw/instrument_run_1777363901.json
2026-04-28 04:11:41,759 - ETL_Pipeline - INFO - Moved: instrument_run_1777363901.json -> data/processed
2026-04-28 04:11:51,745 - ETL_Pipeline - INFO - New file entered pipeline: /Users/lesrene/Desktop/LabInstrument_Pipeline/data/raw/instrument_run_1777363911.json
2026-04-28 04:11:51,764 - ETL_Pipeline - INFO - Successfully ingested and added rows to database from: /Users/lesrene/Desktop/LabInstrument_Pipeline/data/raw/instrument_run_1777363911.json
2026-04-28 04:11:51,764 - ETL_Pipeline - INFO - VALIDATION_PASSED: File passed validation in /Users/lesrene/Desktop/LabInstrument_Pipeline/data/raw/instrument_run_1777363911.json
2026-04-28 04:11:51,765 - ETL_Pipeline - INFO - Moved: instrument_run_1777363911.json -> data/processed
2026-04-28 04:12:01,753 - ETL_Pipeline - INFO - New file entered pipeline: /Users/lesrene/Desktop/LabInstrument_Pipeline/data/raw/instrument_run_1777363921.json
2026-04-28 04:12:01,766 - ETL_Pipeline - INFO - Successfully ingested and added rows to database from: /Users/lesrene/Desktop/LabInstrument_Pipeline/data/raw/instrument_run_1777363921.json
2026-04-28 04:12:01,766 - ETL_Pipeline - INFO - VALIDATION_PASSED: File passed validation in /Users/lesrene/Desktop/LabInstrument_Pipeline/data/raw/instrument_run_1777363921.json
2026-04-28 04:12:01,766 - ETL_Pipeline - INFO - Moved: instrument_run_1777363921.json -> data/processed
2026-04-28 04:12:11,759 - ETL_Pipeline - INFO - New file entered pipeline: /Users/lesrene/Desktop/LabInstrument_Pipeline/data/raw/instrument_run_1777363931.json
2026-04-28 04:12:11,772 - ETL_Pipeline - INFO - Successfully ingested and added rows to database from: /Users/lesrene/Desktop/LabInstrument_Pipeline/data/raw/instrument_run_1777363931.json
2026-04-28 04:12:11,772 - ETL_Pipeline - INFO - VALIDATION_PASSED: File passed validation in /Users/lesrene/Desktop/LabInstrument_Pipeline/data/raw/instrument_run_1777363931.json
2026-04-28 04:12:11,773 - ETL_Pipeline - INFO - Moved: instrument_run_1777363931.json -> data/processed
2026-04-28 04:12:21,775 - ETL_Pipeline - INFO - New file entered pipeline: /Users/lesrene/Desktop/LabInstrument_Pipeline/data/raw/instrument_run_1777363941.json
2026-04-28 04:12:21,806 - ETL_Pipeline - INFO - Successfully ingested and added rows to database from: /Users/lesrene/Desktop/LabInstrument_Pipeline/data/raw/instrument_run_1777363941.json
2026-04-28 04:12:21,806 - ETL_Pipeline - INFO - VALIDATION_PASSED: File passed validation in /Users/lesrene/Desktop/LabInstrument_Pipeline/data/raw/instrument_run_1777363941.json
2026-04-28 04:12:21,807 - ETL_Pipeline - INFO - Moved: instrument_run_1777363941.json -> data/processed
2026-04-28 04:12:31,784 - ETL_Pipeline - INFO - New file entered pipeline: /Users/lesrene/Desktop/LabInstrument_Pipeline/data/raw/instrument_run_1777363951.json
2026-04-28 04:12:31,809 - ETL_Pipeline - INFO - Successfully ingested and added rows to database from: /Users/lesrene/Desktop/LabInstrument_Pipeline/data/raw/instrument_run_1777363951.json
2026-04-28 04:12:31,809 - ETL_Pipeline - INFO - VALIDATION_PASSED: File passed validation in /Users/lesrene/Desktop/LabInstrument_Pipeline/data/raw/instrument_run_1777363951.json
2026-04-28 04:12:31,809 - ETL_Pipeline - INFO - Moved: instrument_run_1777363951.json -> data/processed
2026-04-28 04:12:41,804 - ETL_Pipeline - INFO - New file entered pipeline: /Users/lesrene/Desktop/LabInstrument_Pipeline/data/raw/instrument_run_1777363961.json
2026-04-28 04:12:41,809 - ETL_Pipeline - ERROR - VALIDATION_FAILED: Invalid Mass: -1.0 mg in /Users/lesrene/Desktop/LabInstrument_Pipeline/data/raw/instrument_run_1777363961.json
2026-04-28 04:12:41,814 - ETL_Pipeline - INFO - Moved: instrument_run_1777363961.json -> data/quarantine
2026-04-28 04:12:51,803 - ETL_Pipeline - INFO - New file entered pipeline: /Users/lesrene/Desktop/LabInstrument_Pipeline/data/raw/instrument_run_1777363971.json
2026-04-28 04:12:51,825 - ETL_Pipeline - INFO - Successfully ingested and added rows to database from: /Users/lesrene/Desktop/LabInstrument_Pipeline/data/raw/instrument_run_1777363971.json
2026-04-28 04:12:51,825 - ETL_Pipeline - INFO - VALIDATION_PASSED: File passed validation in /Users/lesrene/Desktop/LabInstrument_Pipeline/data/raw/instrument_run_1777363971.json
2026-04-28 04:12:51,826 - ETL_Pipeline - INFO - Moved: instrument_run_1777363971.json -> data/processed
2026-04-28 04:13:01,823 - ETL_Pipeline - INFO - New file entered pipeline: /Users/lesrene/Desktop/LabInstrument_Pipeline/data/raw/instrument_run_1777363981.json
2026-04-28 04:13:01,844 - ETL_Pipeline - INFO - Successfully ingested and added rows to database from: /Users/lesrene/Desktop/LabInstrument_Pipeline/data/raw/instrument_run_1777363981.json
2026-04-28 04:13:01,844 - ETL_Pipeline - INFO - VALIDATION_PASSED: File passed validation in /Users/lesrene/Desktop/LabInstrument_Pipeline/data/raw/instrument_run_1777363981.json
2026-04-28 04:13:01,845 - ETL_Pipeline - INFO - Moved: instrument_run_1777363981.json -> data/processed
2026-04-28 04:13:11,827 - ETL_Pipeline - INFO - New file entered pipeline: /Users/lesrene/Desktop/LabInstrument_Pipeline/data/raw/instrument_run_1777363991.json
2026-04-28 04:13:11,851 - ETL_Pipeline - INFO - Successfully ingested and added rows to database from: /Users/lesrene/Desktop/LabInstrument_Pipeline/data/raw/instrument_run_1777363991.json
2026-04-28 04:13:11,851 - ETL_Pipeline - INFO - VALIDATION_PASSED: File passed validation in /Users/lesrene/Desktop/LabInstrument_Pipeline/data/raw/instrument_run_1777363991.json
2026-04-28 04:13:11,852 - ETL_Pipeline - INFO - Moved: instrument_run_1777363991.json -> data/processed
2026-04-28 04:13:21,834 - ETL_Pipeline - INFO - New file entered pipeline: /Users/lesrene/Desktop/LabInstrument_Pipeline/data/raw/instrument_run_1777364001.json
2026-04-28 04:13:21,855 - ETL_Pipeline - INFO - Successfully ingested and added rows to database from: /Users/lesrene/Desktop/LabInstrument_Pipeline/data/raw/instrument_run_1777364001.json
2026-04-28 04:13:21,856 - ETL_Pipeline - INFO - VALIDATION_PASSED: File passed validation in /Users/lesrene/Desktop/LabInstrument_Pipeline/data/raw/instrument_run_1777364001.json
2026-04-28 04:13:21,857 - ETL_Pipeline - INFO - Moved: instrument_run_1777364001.json -> data/processed
2026-04-28 04:13:31,856 - ETL_Pipeline - INFO - New file entered pipeline: /Users/lesrene/Desktop/LabInstrument_Pipeline/data/raw/instrument_run_1777364011.json
2026-04-28 04:13:31,877 - ETL_Pipeline - INFO - Successfully ingested and added rows to database from: /Users/lesrene/Desktop/LabInstrument_Pipeline/data/raw/instrument_run_1777364011.json
2026-04-28 04:13:31,877 - ETL_Pipeline - INFO - VALIDATION_PASSED: File passed validation in /Users/lesrene/Desktop/LabInstrument_Pipeline/data/raw/instrument_run_1777364011.json
2026-04-28 04:13:31,879 - ETL_Pipeline - INFO - Moved: instrument_run_1777364011.json -> data/processed
2026-04-28 04:13:41,867 - ETL_Pipeline - INFO - New file entered pipeline: /Users/lesrene/Desktop/LabInstrument_Pipeline/data/raw/instrument_run_1777364021.json
2026-04-28 04:13:41,876 - ETL_Pipeline - INFO - Successfully ingested and added rows to database from: /Users/lesrene/Desktop/LabInstrument_Pipeline/data/raw/instrument_run_1777364021.json
2026-04-28 04:13:41,876 - ETL_Pipeline - INFO - VALIDATION_PASSED: File passed validation in /Users/lesrene/Desktop/LabInstrument_Pipeline/data/raw/instrument_run_1777364021.json
2026-04-28 04:13:41,877 - ETL_Pipeline - INFO - Moved: instrument_run_1777364021.json -> data/processed
2026-04-28 04:13:51,869 - ETL_Pipeline - INFO - New file entered pipeline: /Users/lesrene/Desktop/LabInstrument_Pipeline/data/raw/instrument_run_1777364031.json
2026-04-28 04:13:51,886 - ETL_Pipeline - INFO - Successfully ingested and added rows to database from: /Users/lesrene/Desktop/LabInstrument_Pipeline/data/raw/instrument_run_1777364031.json
2026-04-28 04:13:51,886 - ETL_Pipeline - INFO - VALIDATION_PASSED: File passed validation in /Users/lesrene/Desktop/LabInstrument_Pipeline/data/raw/instrument_run_1777364031.json
2026-04-28 04:13:51,887 - ETL_Pipeline - INFO - Moved: instrument_run_1777364031.json -> data/processed
2026-04-28 04:14:01,913 - ETL_Pipeline - INFO - New file entered pipeline: /Users/lesrene/Desktop/LabInstrument_Pipeline/data/raw/instrument_run_1777364041.json
2026-04-28 04:14:01,965 - ETL_Pipeline - INFO - Successfully ingested and added rows to database from: /Users/lesrene/Desktop/LabInstrument_Pipeline/data/raw/instrument_run_1777364041.json
2026-04-28 04:14:01,965 - ETL_Pipeline - INFO - VALIDATION_PASSED: File passed validation in /Users/lesrene/Desktop/LabInstrument_Pipeline/data/raw/instrument_run_1777364041.json
2026-04-28 04:14:01,966 - ETL_Pipeline - INFO - Moved: instrument_run_1777364041.json -> data/processed
2026-04-28 04:14:11,927 - ETL_Pipeline - INFO - New file entered pipeline: /Users/lesrene/Desktop/LabInstrument_Pipeline/data/raw/instrument_run_1777364051.json
2026-04-28 04:14:11,942 - ETL_Pipeline - INFO - Successfully ingested and added rows to database from: /Users/lesrene/Desktop/LabInstrument_Pipeline/data/raw/instrument_run_1777364051.json
2026-04-28 04:14:11,942 - ETL_Pipeline - INFO - VALIDATION_PASSED: File passed validation in /Users/lesrene/Desktop/LabInstrument_Pipeline/data/raw/instrument_run_1777364051.json
2026-04-28 04:14:11,944 - ETL_Pipeline - INFO - Moved: instrument_run_1777364051.json -> data/processed
2026-04-28 04:14:21,942 - ETL_Pipeline - INFO - New file entered pipeline: /Users/lesrene/Desktop/LabInstrument_Pipeline/data/raw/instrument_run_1777364061.json
2026-04-28 04:14:21,963 - ETL_Pipeline - INFO - Successfully ingested and added rows to database from: /Users/lesrene/Desktop/LabInstrument_Pipeline/data/raw/instrument_run_1777364061.json
2026-04-28 04:14:21,963 - ETL_Pipeline - INFO - VALIDATION_PASSED: File passed validation in /Users/lesrene/Desktop/LabInstrument_Pipeline/data/raw/instrument_run_1777364061.json
2026-04-28 04:14:21,964 - ETL_Pipeline - INFO - Moved: instrument_run_1777364061.json -> data/processed
2026-04-28 04:14:31,949 - ETL_Pipeline - INFO - New file entered pipeline: /Users/lesrene/Desktop/LabInstrument_Pipeline/data/raw/instrument_run_1777364071.json
2026-04-28 04:14:31,964 - ETL_Pipeline - INFO - Successfully ingested and added rows to database from: /Users/lesrene/Desktop/LabInstrument_Pipeline/data/raw/instrument_run_1777364071.json
2026-04-28 04:14:31,964 - ETL_Pipeline - INFO - VALIDATION_PASSED: File passed validation in /Users/lesrene/Desktop/LabInstrument_Pipeline/data/raw/instrument_run_1777364071.json
2026-04-28 04:14:31,965 - ETL_Pipeline - INFO - Moved: instrument_run_1777364071.json -> data/processed
2026-04-28 04:14:41,960 - ETL_Pipeline - INFO - New file entered pipeline: /Users/lesrene/Desktop/LabInstrument_Pipeline/data/raw/instrument_run_1777364081.json
2026-04-28 04:14:41,982 - ETL_Pipeline - INFO - Successfully ingested and added rows to database from: /Users/lesrene/Desktop/LabInstrument_Pipeline/data/raw/instrument_run_1777364081.json
2026-04-28 04:14:41,982 - ETL_Pipeline - INFO - VALIDATION_PASSED: File passed validation in /Users/lesrene/Desktop/LabInstrument_Pipeline/data/raw/instrument_run_1777364081.json
2026-04-28 04:14:41,983 - ETL_Pipeline - INFO - Moved: instrument_run_1777364081.json -> data/processed
2026-04-28 04:14:51,973 - ETL_Pipeline - INFO - New file entered pipeline: /Users/lesrene/Desktop/LabInstrument_Pipeline/data/raw/instrument_run_1777364091.json
2026-04-28 04:14:51,994 - ETL_Pipeline - INFO - Successfully ingested and added rows to database from: /Users/lesrene/Desktop/LabInstrument_Pipeline/data/raw/instrument_run_1777364091.json
2026-04-28 04:14:51,995 - ETL_Pipeline - INFO - VALIDATION_PASSED: File passed validation in /Users/lesrene/Desktop/LabInstrument_Pipeline/data/raw/instrument_run_1777364091.json
2026-04-28 04:14:51,995 - ETL_Pipeline - INFO - Moved: instrument_run_1777364091.json -> data/processed
2026-04-28 04:15:01,981 - ETL_Pipeline - INFO - New file entered pipeline: /Users/lesrene/Desktop/LabInstrument_Pipeline/data/raw/instrument_run_1777364101.json
2026-04-28 04:15:01,986 - ETL_Pipeline - ERROR - VALIDATION_FAILED: Invalid Mass: -1.0 mg in /Users/lesrene/Desktop/LabInstrument_Pipeline/data/raw/instrument_run_1777364101.json
2026-04-28 04:15:01,990 - ETL_Pipeline - INFO - Moved: instrument_run_1777364101.json -> data/quarantine
2026-04-28 04:15:12,050 - ETL_Pipeline - INFO - New file entered pipeline: /Users/lesrene/Desktop/LabInstrument_Pipeline/data/raw/instrument_run_1777364111.json
2026-04-28 04:15:12,084 - ETL_Pipeline - INFO - Successfully ingested and added rows to database from: /Users/lesrene/Desktop/LabInstrument_Pipeline/data/raw/instrument_run_1777364111.json
2026-04-28 04:15:12,085 - ETL_Pipeline - INFO - VALIDATION_PASSED: File passed validation in /Users/lesrene/Desktop/LabInstrument_Pipeline/data/raw/instrument_run_1777364111.json
2026-04-28 04:15:12,085 - ETL_Pipeline - INFO - Moved: instrument_run_1777364111.json -> data/processed
2026-04-28 04:15:22,044 - ETL_Pipeline - INFO - New file entered pipeline: /Users/lesrene/Desktop/LabInstrument_Pipeline/data/raw/instrument_run_1777364122.json
2026-04-28 04:15:22,058 - ETL_Pipeline - INFO - Successfully ingested and added rows to database from: /Users/lesrene/Desktop/LabInstrument_Pipeline/data/raw/instrument_run_1777364122.json
2026-04-28 04:15:22,058 - ETL_Pipeline - INFO - VALIDATION_PASSED: File passed validation in /Users/lesrene/Desktop/LabInstrument_Pipeline/data/raw/instrument_run_1777364122.json
2026-04-28 04:15:22,059 - ETL_Pipeline - INFO - Moved: instrument_run_1777364122.json -> data/processed
2026-04-28 04:15:32,054 - ETL_Pipeline - INFO - New file entered pipeline: /Users/lesrene/Desktop/LabInstrument_Pipeline/data/raw/instrument_run_1777364132.json
2026-04-28 04:15:32,075 - ETL_Pipeline - INFO - Successfully ingested and added rows to database from: /Users/lesrene/Desktop/LabInstrument_Pipeline/data/raw/instrument_run_1777364132.json
2026-04-28 04:15:32,075 - ETL_Pipeline - INFO - VALIDATION_PASSED: File passed validation in /Users/lesrene/Desktop/LabInstrument_Pipeline/data/raw/instrument_run_1777364132.json
2026-04-28 04:15:32,076 - ETL_Pipeline - INFO - Moved: instrument_run_1777364132.json -> data/processed
2026-04-28 04:15:42,061 - ETL_Pipeline - INFO - New file entered pipeline: /Users/lesrene/Desktop/LabInstrument_Pipeline/data/raw/instrument_run_1777364142.json
2026-04-28 04:15:42,074 - ETL_Pipeline - INFO - Successfully ingested and added rows to database from: /Users/lesrene/Desktop/LabInstrument_Pipeline/data/raw/instrument_run_1777364142.json
2026-04-28 04:15:42,074 - ETL_Pipeline - INFO - VALIDATION_PASSED: File passed validation in /Users/lesrene/Desktop/LabInstrument_Pipeline/data/raw/instrument_run_1777364142.json
2026-04-28 04:15:42,075 - ETL_Pipeline - INFO - Moved: instrument_run_1777364142.json -> data/processed
2026-04-28 04:15:52,071 - ETL_Pipeline - INFO - New file entered pipeline: /Users/lesrene/Desktop/LabInstrument_Pipeline/data/raw/instrument_run_1777364152.json
2026-04-28 04:15:52,084 - ETL_Pipeline - INFO - Successfully ingested and added rows to database from: /Users/lesrene/Desktop/LabInstrument_Pipeline/data/raw/instrument_run_1777364152.json
2026-04-28 04:15:52,085 - ETL_Pipeline - INFO - VALIDATION_PASSED: File passed validation in /Users/lesrene/Desktop/LabInstrument_Pipeline/data/raw/instrument_run_1777364152.json
2026-04-28 04:15:52,085 - ETL_Pipeline - INFO - Moved: instrument_run_1777364152.json -> data/processed
2026-04-28 04:16:02,083 - ETL_Pipeline - INFO - New file entered pipeline: /Users/lesrene/Desktop/LabInstrument_Pipeline/data/raw/instrument_run_1777364162.json
2026-04-28 04:16:02,102 - ETL_Pipeline - INFO - Successfully ingested and added rows to database from: /Users/lesrene/Desktop/LabInstrument_Pipeline/data/raw/instrument_run_1777364162.json
2026-04-28 04:16:02,102 - ETL_Pipeline - INFO - VALIDATION_PASSED: File passed validation in /Users/lesrene/Desktop/LabInstrument_Pipeline/data/raw/instrument_run_1777364162.json
2026-04-28 04:16:02,103 - ETL_Pipeline - INFO - Moved: instrument_run_1777364162.json -> data/processed
2026-04-28 04:16:12,089 - ETL_Pipeline - INFO - New file entered pipeline: /Users/lesrene/Desktop/LabInstrument_Pipeline/data/raw/instrument_run_1777364172.json
2026-04-28 04:16:12,106 - ETL_Pipeline - INFO - Successfully ingested and added rows to database from: /Users/lesrene/Desktop/LabInstrument_Pipeline/data/raw/instrument_run_1777364172.json
2026-04-28 04:16:12,106 - ETL_Pipeline - INFO - VALIDATION_PASSED: File passed validation in /Users/lesrene/Desktop/LabInstrument_Pipeline/data/raw/instrument_run_1777364172.json
2026-04-28 04:16:12,107 - ETL_Pipeline - INFO - Moved: instrument_run_1777364172.json -> data/processed
2026-04-28 04:16:22,096 - ETL_Pipeline - INFO - New file entered pipeline: /Users/lesrene/Desktop/LabInstrument_Pipeline/data/raw/instrument_run_1777364182.json
2026-04-28 04:16:22,111 - ETL_Pipeline - INFO - Successfully ingested and added rows to database from: /Users/lesrene/Desktop/LabInstrument_Pipeline/data/raw/instrument_run_1777364182.json
2026-04-28 04:16:22,111 - ETL_Pipeline - INFO - VALIDATION_PASSED: File passed validation in /Users/lesrene/Desktop/LabInstrument_Pipeline/data/raw/instrument_run_1777364182.json
2026-04-28 04:16:22,112 - ETL_Pipeline - INFO - Moved: instrument_run_1777364182.json -> data/processed
2026-04-28 04:16:32,112 - ETL_Pipeline - INFO - New file entered pipeline: /Users/lesrene/Desktop/LabInstrument_Pipeline/data/raw/instrument_run_1777364192.json
2026-04-28 04:16:32,133 - ETL_Pipeline - INFO - Successfully ingested and added rows to database from: /Users/lesrene/Desktop/LabInstrument_Pipeline/data/raw/instrument_run_1777364192.json
2026-04-28 04:16:32,134 - ETL_Pipeline - INFO - VALIDATION_PASSED: File passed validation in /Users/lesrene/Desktop/LabInstrument_Pipeline/data/raw/instrument_run_1777364192.json
2026-04-28 04:16:32,134 - ETL_Pipeline - INFO - Moved: instrument_run_1777364192.json -> data/processed
2026-04-28 04:16:42,125 - ETL_Pipeline - INFO - New file entered pipeline: /Users/lesrene/Desktop/LabInstrument_Pipeline/data/raw/instrument_run_1777364202.json
2026-04-28 04:16:42,132 - ETL_Pipeline - ERROR - VALIDATION_FAILED: Invalid Mass: -1.0 mg in /Users/lesrene/Desktop/LabInstrument_Pipeline/data/raw/instrument_run_1777364202.json
2026-04-28 04:16:42,135 - ETL_Pipeline - INFO - Moved: instrument_run_1777364202.json -> data/quarantine
2026-04-28 04:16:52,141 - ETL_Pipeline - INFO - New file entered pipeline: /Users/lesrene/Desktop/LabInstrument_Pipeline/data/raw/instrument_run_1777364212.json
2026-04-28 04:16:52,161 - ETL_Pipeline - INFO - Successfully ingested and added rows to database from: /Users/lesrene/Desktop/LabInstrument_Pipeline/data/raw/instrument_run_1777364212.json
2026-04-28 04:16:52,161 - ETL_Pipeline - INFO - VALIDATION_PASSED: File passed validation in /Users/lesrene/Desktop/LabInstrument_Pipeline/data/raw/instrument_run_1777364212.json
2026-04-28 04:16:52,161 - ETL_Pipeline - INFO - Moved: instrument_run_1777364212.json -> data/processed
2026-04-28 04:17:02,149 - ETL_Pipeline - INFO - New file entered pipeline: /Users/lesrene/Desktop/LabInstrument_Pipeline/data/raw/instrument_run_1777364222.json
2026-04-28 04:17:02,171 - ETL_Pipeline - INFO - Successfully ingested and added rows to database from: /Users/lesrene/Desktop/LabInstrument_Pipeline/data/raw/instrument_run_1777364222.json
2026-04-28 04:17:02,172 - ETL_Pipeline - INFO - VALIDATION_PASSED: File passed validation in /Users/lesrene/Desktop/LabInstrument_Pipeline/data/raw/instrument_run_1777364222.json
2026-04-28 04:17:02,172 - ETL_Pipeline - INFO - Moved: instrument_run_1777364222.json -> data/processed
2026-04-28 04:17:12,157 - ETL_Pipeline - INFO - New file entered pipeline: /Users/lesrene/Desktop/LabInstrument_Pipeline/data/raw/instrument_run_1777364232.json
2026-04-28 04:17:12,180 - ETL_Pipeline - INFO - Successfully ingested and added rows to database from: /Users/lesrene/Desktop/LabInstrument_Pipeline/data/raw/instrument_run_1777364232.json
2026-04-28 04:17:12,180 - ETL_Pipeline - INFO - VALIDATION_PASSED: File passed validation in /Users/lesrene/Desktop/LabInstrument_Pipeline/data/raw/instrument_run_1777364232.json
2026-04-28 04:17:12,181 - ETL_Pipeline - INFO - Moved: instrument_run_1777364232.json -> data/processed
2026-04-28 04:17:22,165 - ETL_Pipeline - INFO - New file entered pipeline: /Users/lesrene/Desktop/LabInstrument_Pipeline/data/raw/instrument_run_1777364242.json
2026-04-28 04:17:22,182 - ETL_Pipeline - INFO - Successfully ingested and added rows to database from: /Users/lesrene/Desktop/LabInstrument_Pipeline/data/raw/instrument_run_1777364242.json
2026-04-28 04:17:22,182 - ETL_Pipeline - INFO - VALIDATION_PASSED: File passed validation in /Users/lesrene/Desktop/LabInstrument_Pipeline/data/raw/instrument_run_1777364242.json
2026-04-28 04:17:22,183 - ETL_Pipeline - INFO - Moved: instrument_run_1777364242.json -> data/processed
2026-04-28 04:17:32,174 - ETL_Pipeline - INFO - New file entered pipeline: /Users/lesrene/Desktop/LabInstrument_Pipeline/data/raw/instrument_run_1777364252.json
2026-04-28 04:17:32,197 - ETL_Pipeline - INFO - Successfully ingested and added rows to database from: /Users/lesrene/Desktop/LabInstrument_Pipeline/data/raw/instrument_run_1777364252.json
2026-04-28 04:17:32,197 - ETL_Pipeline - INFO - VALIDATION_PASSED: File passed validation in /Users/lesrene/Desktop/LabInstrument_Pipeline/data/raw/instrument_run_1777364252.json
2026-04-28 04:17:32,198 - ETL_Pipeline - INFO - Moved: instrument_run_1777364252.json -> data/processed
2026-04-28 04:17:42,180 - ETL_Pipeline - INFO - New file entered pipeline: /Users/lesrene/Desktop/LabInstrument_Pipeline/data/raw/instrument_run_1777364262.json
2026-04-28 04:17:42,195 - ETL_Pipeline - INFO - Successfully ingested and added rows to database from: /Users/lesrene/Desktop/LabInstrument_Pipeline/data/raw/instrument_run_1777364262.json
2026-04-28 04:17:42,195 - ETL_Pipeline - INFO - VALIDATION_PASSED: File passed validation in /Users/lesrene/Desktop/LabInstrument_Pipeline/data/raw/instrument_run_1777364262.json
2026-04-28 04:17:42,196 - ETL_Pipeline - INFO - Moved: instrument_run_1777364262.json -> data/processed
2026-04-28 04:17:52,188 - ETL_Pipeline - INFO - New file entered pipeline: /Users/lesrene/Desktop/LabInstrument_Pipeline/data/raw/instrument_run_1777364272.json
2026-04-28 04:17:52,195 - ETL_Pipeline - INFO - Successfully ingested and added rows to database from: /Users/lesrene/Desktop/LabInstrument_Pipeline/data/raw/instrument_run_1777364272.json
2026-04-28 04:17:52,195 - ETL_Pipeline - INFO - VALIDATION_PASSED: File passed validation in /Users/lesrene/Desktop/LabInstrument_Pipeline/data/raw/instrument_run_1777364272.json
2026-04-28 04:17:52,195 - ETL_Pipeline - INFO - Moved: instrument_run_1777364272.json -> data/processed
2026-04-28 04:18:02,197 - ETL_Pipeline - INFO - New file entered pipeline: /Users/lesrene/Desktop/LabInstrument_Pipeline/data/raw/instrument_run_1777364282.json
2026-04-28 04:18:02,209 - ETL_Pipeline - INFO - Successfully ingested and added rows to database from: /Users/lesrene/Desktop/LabInstrument_Pipeline/data/raw/instrument_run_1777364282.json
2026-04-28 04:18:02,209 - ETL_Pipeline - INFO - VALIDATION_PASSED: File passed validation in /Users/lesrene/Desktop/LabInstrument_Pipeline/data/raw/instrument_run_1777364282.json
2026-04-28 04:18:02,210 - ETL_Pipeline - INFO - Moved: instrument_run_1777364282.json -> data/processed
2026-04-28 04:18:12,223 - ETL_Pipeline - INFO - New file entered pipeline: /Users/lesrene/Desktop/LabInstrument_Pipeline/data/raw/instrument_run_1777364292.json
2026-04-28 04:18:12,249 - ETL_Pipeline - INFO - Successfully ingested and added rows to database from: /Users/lesrene/Desktop/LabInstrument_Pipeline/data/raw/instrument_run_1777364292.json
2026-04-28 04:18:12,249 - ETL_Pipeline - INFO - VALIDATION_PASSED: File passed validation in /Users/lesrene/Desktop/LabInstrument_Pipeline/data/raw/instrument_run_1777364292.json
2026-04-28 04:18:12,250 - ETL_Pipeline - INFO - Moved: instrument_run_1777364292.json -> data/processed
2026-04-28 04:18:22,238 - ETL_Pipeline - INFO - New file entered pipeline: /Users/lesrene/Desktop/LabInstrument_Pipeline/data/raw/instrument_run_1777364302.json
2026-04-28 04:18:22,254 - ETL_Pipeline - INFO - Successfully ingested and added rows to database from: /Users/lesrene/Desktop/LabInstrument_Pipeline/data/raw/instrument_run_1777364302.json
2026-04-28 04:18:22,255 - ETL_Pipeline - INFO - VALIDATION_PASSED: File passed validation in /Users/lesrene/Desktop/LabInstrument_Pipeline/data/raw/instrument_run_1777364302.json
2026-04-28 04:18:22,255 - ETL_Pipeline - INFO - Moved: instrument_run_1777364302.json -> data/processed
2026-04-28 04:18:32,247 - ETL_Pipeline - INFO - New file entered pipeline: /Users/lesrene/Desktop/LabInstrument_Pipeline/data/raw/instrument_run_1777364312.json
2026-04-28 04:18:32,263 - ETL_Pipeline - INFO - Successfully ingested and added rows to database from: /Users/lesrene/Desktop/LabInstrument_Pipeline/data/raw/instrument_run_1777364312.json
2026-04-28 04:18:32,263 - ETL_Pipeline - INFO - VALIDATION_PASSED: File passed validation in /Users/lesrene/Desktop/LabInstrument_Pipeline/data/raw/instrument_run_1777364312.json
2026-04-28 04:18:32,264 - ETL_Pipeline - INFO - Moved: instrument_run_1777364312.json -> data/processed
2026-04-28 04:18:42,264 - ETL_Pipeline - INFO - New file entered pipeline: /Users/lesrene/Desktop/LabInstrument_Pipeline/data/raw/instrument_run_1777364322.json
2026-04-28 04:18:42,286 - ETL_Pipeline - INFO - Successfully ingested and added rows to database from: /Users/lesrene/Desktop/LabInstrument_Pipeline/data/raw/instrument_run_1777364322.json
2026-04-28 04:18:42,286 - ETL_Pipeline - INFO - VALIDATION_PASSED: File passed validation in /Users/lesrene/Desktop/LabInstrument_Pipeline/data/raw/instrument_run_1777364322.json
2026-04-28 04:18:42,287 - ETL_Pipeline - INFO - Moved: instrument_run_1777364322.json -> data/processed
2026-04-28 04:18:52,274 - ETL_Pipeline - INFO - New file entered pipeline: /Users/lesrene/Desktop/LabInstrument_Pipeline/data/raw/instrument_run_1777364332.json
2026-04-28 04:18:52,292 - ETL_Pipeline - INFO - Successfully ingested and added rows to database from: /Users/lesrene/Desktop/LabInstrument_Pipeline/data/raw/instrument_run_1777364332.json
2026-04-28 04:18:52,292 - ETL_Pipeline - INFO - VALIDATION_PASSED: File passed validation in /Users/lesrene/Desktop/LabInstrument_Pipeline/data/raw/instrument_run_1777364332.json
2026-04-28 04:18:52,293 - ETL_Pipeline - INFO - Moved: instrument_run_1777364332.json -> data/processed
2026-04-28 04:19:02,296 - ETL_Pipeline - INFO - New file entered pipeline: /Users/lesrene/Desktop/LabInstrument_Pipeline/data/raw/instrument_run_1777364342.json
2026-04-28 04:19:02,320 - ETL_Pipeline - INFO - Successfully ingested and added rows to database from: /Users/lesrene/Desktop/LabInstrument_Pipeline/data/raw/instrument_run_1777364342.json
2026-04-28 04:19:02,320 - ETL_Pipeline - INFO - VALIDATION_PASSED: File passed validation in /Users/lesrene/Desktop/LabInstrument_Pipeline/data/raw/instrument_run_1777364342.json
2026-04-28 04:19:02,321 - ETL_Pipeline - INFO - Moved: instrument_run_1777364342.json -> data/processed
2026-04-28 04:19:12,303 - ETL_Pipeline - INFO - New file entered pipeline: /Users/lesrene/Desktop/LabInstrument_Pipeline/data/raw/instrument_run_1777364352.json
2026-04-28 04:19:12,313 - ETL_Pipeline - INFO - Successfully ingested and added rows to database from: /Users/lesrene/Desktop/LabInstrument_Pipeline/data/raw/instrument_run_1777364352.json
2026-04-28 04:19:12,313 - ETL_Pipeline - INFO - VALIDATION_PASSED: File passed validation in /Users/lesrene/Desktop/LabInstrument_Pipeline/data/raw/instrument_run_1777364352.json
2026-04-28 04:19:12,313 - ETL_Pipeline - INFO - Moved: instrument_run_1777364352.json -> data/processed
2026-04-28 04:19:22,315 - ETL_Pipeline - INFO - New file entered pipeline: /Users/lesrene/Desktop/LabInstrument_Pipeline/data/raw/instrument_run_1777364362.json
2026-04-28 04:19:22,336 - ETL_Pipeline - INFO - Successfully ingested and added rows to database from: /Users/lesrene/Desktop/LabInstrument_Pipeline/data/raw/instrument_run_1777364362.json
2026-04-28 04:19:22,336 - ETL_Pipeline - INFO - VALIDATION_PASSED: File passed validation in /Users/lesrene/Desktop/LabInstrument_Pipeline/data/raw/instrument_run_1777364362.json
2026-04-28 04:19:22,337 - ETL_Pipeline - INFO - Moved: instrument_run_1777364362.json -> data/processed
2026-04-28 04:19:32,329 - ETL_Pipeline - INFO - New file entered pipeline: /Users/lesrene/Desktop/LabInstrument_Pipeline/data/raw/instrument_run_1777364372.json
2026-04-28 04:19:32,355 - ETL_Pipeline - INFO - Successfully ingested and added rows to database from: /Users/lesrene/Desktop/LabInstrument_Pipeline/data/raw/instrument_run_1777364372.json
2026-04-28 04:19:32,356 - ETL_Pipeline - INFO - VALIDATION_PASSED: File passed validation in /Users/lesrene/Desktop/LabInstrument_Pipeline/data/raw/instrument_run_1777364372.json
2026-04-28 04:19:32,356 - ETL_Pipeline - INFO - Moved: instrument_run_1777364372.json -> data/processed
2026-04-28 04:19:42,331 - ETL_Pipeline - INFO - New file entered pipeline: /Users/lesrene/Desktop/LabInstrument_Pipeline/data/raw/instrument_run_1777364382.json
2026-04-28 04:19:42,345 - ETL_Pipeline - INFO - Successfully ingested and added rows to database from: /Users/lesrene/Desktop/LabInstrument_Pipeline/data/raw/instrument_run_1777364382.json
2026-04-28 04:19:42,345 - ETL_Pipeline - INFO - VALIDATION_PASSED: File passed validation in /Users/lesrene/Desktop/LabInstrument_Pipeline/data/raw/instrument_run_1777364382.json
2026-04-28 04:19:42,346 - ETL_Pipeline - INFO - Moved: instrument_run_1777364382.json -> data/processed
2026-04-28 04:19:52,340 - ETL_Pipeline - INFO - New file entered pipeline: /Users/lesrene/Desktop/LabInstrument_Pipeline/data/raw/instrument_run_1777364392.json
2026-04-28 04:19:52,360 - ETL_Pipeline - INFO - Successfully ingested and added rows to database from: /Users/lesrene/Desktop/LabInstrument_Pipeline/data/raw/instrument_run_1777364392.json
2026-04-28 04:19:52,361 - ETL_Pipeline - INFO - VALIDATION_PASSED: File passed validation in /Users/lesrene/Desktop/LabInstrument_Pipeline/data/raw/instrument_run_1777364392.json
2026-04-28 04:19:52,361 - ETL_Pipeline - INFO - Moved: instrument_run_1777364392.json -> data/processed
2026-04-28 04:20:02,360 - ETL_Pipeline - INFO - New file entered pipeline: /Users/lesrene/Desktop/LabInstrument_Pipeline/data/raw/instrument_run_1777364402.json
2026-04-28 04:20:02,447 - ETL_Pipeline - INFO - Successfully ingested and added rows to database from: /Users/lesrene/Desktop/LabInstrument_Pipeline/data/raw/instrument_run_1777364402.json
2026-04-28 04:20:02,447 - ETL_Pipeline - INFO - VALIDATION_PASSED: File passed validation in /Users/lesrene/Desktop/LabInstrument_Pipeline/data/raw/instrument_run_1777364402.json
2026-04-28 04:20:02,447 - ETL_Pipeline - INFO - Moved: instrument_run_1777364402.json -> data/processed
2026-04-28 04:20:12,386 - ETL_Pipeline - INFO - New file entered pipeline: /Users/lesrene/Desktop/LabInstrument_Pipeline/data/raw/instrument_run_1777364412.json
2026-04-28 04:20:12,449 - ETL_Pipeline - INFO - Successfully ingested and added rows to database from: /Users/lesrene/Desktop/LabInstrument_Pipeline/data/raw/instrument_run_1777364412.json
2026-04-28 04:20:12,449 - ETL_Pipeline - INFO - VALIDATION_PASSED: File passed validation in /Users/lesrene/Desktop/LabInstrument_Pipeline/data/raw/instrument_run_1777364412.json
2026-04-28 04:20:12,450 - ETL_Pipeline - INFO - Moved: instrument_run_1777364412.json -> data/processed
2026-04-28 04:20:22,424 - ETL_Pipeline - INFO - New file entered pipeline: /Users/lesrene/Desktop/LabInstrument_Pipeline/data/raw/instrument_run_1777364422.json
2026-04-28 04:20:22,476 - ETL_Pipeline - INFO - Successfully ingested and added rows to database from: /Users/lesrene/Desktop/LabInstrument_Pipeline/data/raw/instrument_run_1777364422.json
2026-04-28 04:20:22,477 - ETL_Pipeline - INFO - VALIDATION_PASSED: File passed validation in /Users/lesrene/Desktop/LabInstrument_Pipeline/data/raw/instrument_run_1777364422.json
2026-04-28 04:20:22,478 - ETL_Pipeline - INFO - Moved: instrument_run_1777364422.json -> data/processed
2026-04-28 04:20:32,428 - ETL_Pipeline - INFO - New file entered pipeline: /Users/lesrene/Desktop/LabInstrument_Pipeline/data/raw/instrument_run_1777364432.json
2026-04-28 04:20:32,453 - ETL_Pipeline - INFO - Successfully ingested and added rows to database from: /Users/lesrene/Desktop/LabInstrument_Pipeline/data/raw/instrument_run_1777364432.json
2026-04-28 04:20:32,453 - ETL_Pipeline - INFO - VALIDATION_PASSED: File passed validation in /Users/lesrene/Desktop/LabInstrument_Pipeline/data/raw/instrument_run_1777364432.json
2026-04-28 04:20:32,454 - ETL_Pipeline - INFO - Moved: instrument_run_1777364432.json -> data/processed
2026-04-28 04:20:42,180 - ETL_Pipeline - INFO - New file entered pipeline: /Users/lesrene/Desktop/LabInstrument_Pipeline/data/raw/instrument_run_1777364442.json
2026-04-28 04:20:42,204 - ETL_Pipeline - INFO - Successfully ingested and added rows to database from: /Users/lesrene/Desktop/LabInstrument_Pipeline/data/raw/instrument_run_1777364442.json
2026-04-28 04:20:42,204 - ETL_Pipeline - INFO - VALIDATION_PASSED: File passed validation in /Users/lesrene/Desktop/LabInstrument_Pipeline/data/raw/instrument_run_1777364442.json
2026-04-28 04:20:42,204 - ETL_Pipeline - INFO - Moved: instrument_run_1777364442.json -> data/processed
2026-04-28 04:20:52,192 - ETL_Pipeline - INFO - New file entered pipeline: /Users/lesrene/Desktop/LabInstrument_Pipeline/data/raw/instrument_run_1777364452.json
2026-04-28 04:20:52,206 - ETL_Pipeline - ERROR - VALIDATION_FAILED: Invalid Mass: -1.0 mg in /Users/lesrene/Desktop/LabInstrument_Pipeline/data/raw/instrument_run_1777364452.json
2026-04-28 04:20:52,209 - ETL_Pipeline - INFO - Moved: instrument_run_1777364452.json -> data/quarantine
2026-04-28 04:21:02,214 - ETL_Pipeline - INFO - New file entered pipeline: /Users/lesrene/Desktop/LabInstrument_Pipeline/data/raw/instrument_run_1777364462.json
2026-04-28 04:21:02,277 - ETL_Pipeline - INFO - Successfully ingested and added rows to database from: /Users/lesrene/Desktop/LabInstrument_Pipeline/data/raw/instrument_run_1777364462.json
2026-04-28 04:21:02,278 - ETL_Pipeline - INFO - VALIDATION_PASSED: File passed validation in /Users/lesrene/Desktop/LabInstrument_Pipeline/data/raw/instrument_run_1777364462.json
2026-04-28 04:21:02,278 - ETL_Pipeline - INFO - Moved: instrument_run_1777364462.json -> data/processed
2026-04-28 04:21:12,343 - ETL_Pipeline - INFO - New file entered pipeline: /Users/lesrene/Desktop/LabInstrument_Pipeline/data/raw/instrument_run_1777364472.json
2026-04-28 04:21:12,393 - ETL_Pipeline - INFO - Successfully ingested and added rows to database from: /Users/lesrene/Desktop/LabInstrument_Pipeline/data/raw/instrument_run_1777364472.json
2026-04-28 04:21:12,393 - ETL_Pipeline - INFO - VALIDATION_PASSED: File passed validation in /Users/lesrene/Desktop/LabInstrument_Pipeline/data/raw/instrument_run_1777364472.json
2026-04-28 04:21:12,394 - ETL_Pipeline - INFO - Moved: instrument_run_1777364472.json -> data/processed
2026-04-28 04:21:22,374 - ETL_Pipeline - INFO - New file entered pipeline: /Users/lesrene/Desktop/LabInstrument_Pipeline/data/raw/instrument_run_1777364482.json
2026-04-28 04:21:22,439 - ETL_Pipeline - INFO - Successfully ingested and added rows to database from: /Users/lesrene/Desktop/LabInstrument_Pipeline/data/raw/instrument_run_1777364482.json
2026-04-28 04:21:22,439 - ETL_Pipeline - INFO - VALIDATION_PASSED: File passed validation in /Users/lesrene/Desktop/LabInstrument_Pipeline/data/raw/instrument_run_1777364482.json
2026-04-28 04:21:22,440 - ETL_Pipeline - INFO - Moved: instrument_run_1777364482.json -> data/processed
2026-04-28 04:21:32,400 - ETL_Pipeline - INFO - New file entered pipeline: /Users/lesrene/Desktop/LabInstrument_Pipeline/data/raw/instrument_run_1777364492.json
2026-04-28 04:21:32,461 - ETL_Pipeline - INFO - Successfully ingested and added rows to database from: /Users/lesrene/Desktop/LabInstrument_Pipeline/data/raw/instrument_run_1777364492.json
2026-04-28 04:21:32,461 - ETL_Pipeline - INFO - VALIDATION_PASSED: File passed validation in /Users/lesrene/Desktop/LabInstrument_Pipeline/data/raw/instrument_run_1777364492.json
2026-04-28 04:21:32,462 - ETL_Pipeline - INFO - Moved: instrument_run_1777364492.json -> data/processed
2026-04-28 04:21:42,420 - ETL_Pipeline - INFO - New file entered pipeline: /Users/lesrene/Desktop/LabInstrument_Pipeline/data/raw/instrument_run_1777364502.json
2026-04-28 04:21:42,440 - ETL_Pipeline - INFO - Successfully ingested and added rows to database from: /Users/lesrene/Desktop/LabInstrument_Pipeline/data/raw/instrument_run_1777364502.json
2026-04-28 04:21:42,441 - ETL_Pipeline - INFO - VALIDATION_PASSED: File passed validation in /Users/lesrene/Desktop/LabInstrument_Pipeline/data/raw/instrument_run_1777364502.json
2026-04-28 04:21:42,441 - ETL_Pipeline - INFO - Moved: instrument_run_1777364502.json -> data/processed
2026-04-28 04:36:50,483 - ETL_Pipeline - INFO - New file entered pipeline: /Users/lesrene/Desktop/LabInstrument_Pipeline/data/raw/instrument_run_1777365410.json
2026-04-28 04:36:50,512 - ETL_Pipeline - INFO - Successfully ingested and added rows to database from: /Users/lesrene/Desktop/LabInstrument_Pipeline/data/raw/instrument_run_1777365410.json
2026-04-28 04:36:50,513 - ETL_Pipeline - INFO - VALIDATION_PASSED: File passed validation in /Users/lesrene/Desktop/LabInstrument_Pipeline/data/raw/instrument_run_1777365410.json
2026-04-28 04:36:50,514 - ETL_Pipeline - INFO - Moved: instrument_run_1777365410.json -> data/processed
2026-04-28 04:37:00,520 - ETL_Pipeline - INFO - New file entered pipeline: /Users/lesrene/Desktop/LabInstrument_Pipeline/data/raw/instrument_run_1777365420.json
2026-04-28 04:37:00,591 - ETL_Pipeline - INFO - Successfully ingested and added rows to database from: /Users/lesrene/Desktop/LabInstrument_Pipeline/data/raw/instrument_run_1777365420.json
2026-04-28 04:37:00,591 - ETL_Pipeline - INFO - VALIDATION_PASSED: File passed validation in /Users/lesrene/Desktop/LabInstrument_Pipeline/data/raw/instrument_run_1777365420.json
2026-04-28 04:37:00,592 - ETL_Pipeline - INFO - Moved: instrument_run_1777365420.json -> data/processed
2026-04-28 04:37:10,557 - ETL_Pipeline - INFO - New file entered pipeline: /Users/lesrene/Desktop/LabInstrument_Pipeline/data/raw/instrument_run_1777365430.json
2026-04-28 04:37:10,622 - ETL_Pipeline - INFO - Successfully ingested and added rows to database from: /Users/lesrene/Desktop/LabInstrument_Pipeline/data/raw/instrument_run_1777365430.json
2026-04-28 04:37:10,622 - ETL_Pipeline - INFO - VALIDATION_PASSED: File passed validation in /Users/lesrene/Desktop/LabInstrument_Pipeline/data/raw/instrument_run_1777365430.json
2026-04-28 04:37:10,623 - ETL_Pipeline - INFO - Moved: instrument_run_1777365430.json -> data/processed
2026-04-28 04:37:20,561 - ETL_Pipeline - INFO - New file entered pipeline: /Users/lesrene/Desktop/LabInstrument_Pipeline/data/raw/instrument_run_1777365440.json
2026-04-28 04:37:20,571 - ETL_Pipeline - INFO - Successfully ingested and added rows to database from: /Users/lesrene/Desktop/LabInstrument_Pipeline/data/raw/instrument_run_1777365440.json
2026-04-28 04:37:20,571 - ETL_Pipeline - INFO - VALIDATION_PASSED: File passed validation in /Users/lesrene/Desktop/LabInstrument_Pipeline/data/raw/instrument_run_1777365440.json
2026-04-28 04:37:20,572 - ETL_Pipeline - INFO - Moved: instrument_run_1777365440.json -> data/processed
2026-04-28 04:37:30,572 - ETL_Pipeline - INFO - New file entered pipeline: /Users/lesrene/Desktop/LabInstrument_Pipeline/data/raw/instrument_run_1777365450.json
2026-04-28 04:37:30,601 - ETL_Pipeline - INFO - Successfully ingested and added rows to database from: /Users/lesrene/Desktop/LabInstrument_Pipeline/data/raw/instrument_run_1777365450.json
2026-04-28 04:37:30,601 - ETL_Pipeline - INFO - VALIDATION_PASSED: File passed validation in /Users/lesrene/Desktop/LabInstrument_Pipeline/data/raw/instrument_run_1777365450.json
2026-04-28 04:37:30,602 - ETL_Pipeline - INFO - Moved: instrument_run_1777365450.json -> data/processed
2026-04-28 04:37:40,579 - ETL_Pipeline - INFO - New file entered pipeline: /Users/lesrene/Desktop/LabInstrument_Pipeline/data/raw/instrument_run_1777365460.json
2026-04-28 04:37:40,603 - ETL_Pipeline - INFO - Successfully ingested and added rows to database from: /Users/lesrene/Desktop/LabInstrument_Pipeline/data/raw/instrument_run_1777365460.json
2026-04-28 04:37:40,603 - ETL_Pipeline - INFO - VALIDATION_PASSED: File passed validation in /Users/lesrene/Desktop/LabInstrument_Pipeline/data/raw/instrument_run_1777365460.json
2026-04-28 04:37:40,603 - ETL_Pipeline - INFO - Moved: instrument_run_1777365460.json -> data/processed
2026-04-28 04:37:50,598 - ETL_Pipeline - INFO - New file entered pipeline: /Users/lesrene/Desktop/LabInstrument_Pipeline/data/raw/instrument_run_1777365470.json
2026-04-28 04:37:50,613 - ETL_Pipeline - INFO - Successfully ingested and added rows to database from: /Users/lesrene/Desktop/LabInstrument_Pipeline/data/raw/instrument_run_1777365470.json
2026-04-28 04:37:50,613 - ETL_Pipeline - INFO - VALIDATION_PASSED: File passed validation in /Users/lesrene/Desktop/LabInstrument_Pipeline/data/raw/instrument_run_1777365470.json
2026-04-28 04:37:50,614 - ETL_Pipeline - INFO - Moved: instrument_run_1777365470.json -> data/processed
2026-04-28 04:38:00,609 - ETL_Pipeline - INFO - New file entered pipeline: /Users/lesrene/Desktop/LabInstrument_Pipeline/data/raw/instrument_run_1777365480.json
2026-04-28 04:38:00,624 - ETL_Pipeline - INFO - Successfully ingested and added rows to database from: /Users/lesrene/Desktop/LabInstrument_Pipeline/data/raw/instrument_run_1777365480.json
2026-04-28 04:38:00,624 - ETL_Pipeline - INFO - VALIDATION_PASSED: File passed validation in /Users/lesrene/Desktop/LabInstrument_Pipeline/data/raw/instrument_run_1777365480.json
2026-04-28 04:38:00,625 - ETL_Pipeline - INFO - Moved: instrument_run_1777365480.json -> data/processed
2026-04-28 04:38:10,628 - ETL_Pipeline - INFO - New file entered pipeline: /Users/lesrene/Desktop/LabInstrument_Pipeline/data/raw/instrument_run_1777365490.json
2026-04-28 04:38:10,653 - ETL_Pipeline - INFO - Successfully ingested and added rows to database from: /Users/lesrene/Desktop/LabInstrument_Pipeline/data/raw/instrument_run_1777365490.json
2026-04-28 04:38:10,654 - ETL_Pipeline - INFO - VALIDATION_PASSED: File passed validation in /Users/lesrene/Desktop/LabInstrument_Pipeline/data/raw/instrument_run_1777365490.json
2026-04-28 04:38:10,654 - ETL_Pipeline - INFO - Moved: instrument_run_1777365490.json -> data/processed
2026-04-28 04:38:20,641 - ETL_Pipeline - INFO - New file entered pipeline: /Users/lesrene/Desktop/LabInstrument_Pipeline/data/raw/instrument_run_1777365500.json
2026-04-28 04:38:20,653 - ETL_Pipeline - INFO - Successfully ingested and added rows to database from: /Users/lesrene/Desktop/LabInstrument_Pipeline/data/raw/instrument_run_1777365500.json
2026-04-28 04:38:20,654 - ETL_Pipeline - INFO - VALIDATION_PASSED: File passed validation in /Users/lesrene/Desktop/LabInstrument_Pipeline/data/raw/instrument_run_1777365500.json
2026-04-28 04:38:20,655 - ETL_Pipeline - INFO - Moved: instrument_run_1777365500.json -> data/processed
2026-04-28 04:38:30,646 - ETL_Pipeline - INFO - New file entered pipeline: /Users/lesrene/Desktop/LabInstrument_Pipeline/data/raw/instrument_run_1777365510.json
2026-04-28 04:38:30,660 - ETL_Pipeline - INFO - Successfully ingested and added rows to database from: /Users/lesrene/Desktop/LabInstrument_Pipeline/data/raw/instrument_run_1777365510.json
2026-04-28 04:38:30,660 - ETL_Pipeline - INFO - VALIDATION_PASSED: File passed validation in /Users/lesrene/Desktop/LabInstrument_Pipeline/data/raw/instrument_run_1777365510.json
2026-04-28 04:38:30,661 - ETL_Pipeline - INFO - Moved: instrument_run_1777365510.json -> data/processed
2026-04-28 04:38:40,661 - ETL_Pipeline - INFO - New file entered pipeline: /Users/lesrene/Desktop/LabInstrument_Pipeline/data/raw/instrument_run_1777365520.json
2026-04-28 04:38:40,681 - ETL_Pipeline - INFO - Successfully ingested and added rows to database from: /Users/lesrene/Desktop/LabInstrument_Pipeline/data/raw/instrument_run_1777365520.json
2026-04-28 04:38:40,682 - ETL_Pipeline - INFO - VALIDATION_PASSED: File passed validation in /Users/lesrene/Desktop/LabInstrument_Pipeline/data/raw/instrument_run_1777365520.json
2026-04-28 04:38:40,682 - ETL_Pipeline - INFO - Moved: instrument_run_1777365520.json -> data/processed
2026-04-28 04:38:50,673 - ETL_Pipeline - INFO - New file entered pipeline: /Users/lesrene/Desktop/LabInstrument_Pipeline/data/raw/instrument_run_1777365530.json
2026-04-28 04:38:50,687 - ETL_Pipeline - INFO - Successfully ingested and added rows to database from: /Users/lesrene/Desktop/LabInstrument_Pipeline/data/raw/instrument_run_1777365530.json
2026-04-28 04:38:50,687 - ETL_Pipeline - INFO - VALIDATION_PASSED: File passed validation in /Users/lesrene/Desktop/LabInstrument_Pipeline/data/raw/instrument_run_1777365530.json
2026-04-28 04:38:50,688 - ETL_Pipeline - INFO - Moved: instrument_run_1777365530.json -> data/processed
2026-04-28 04:39:00,685 - ETL_Pipeline - INFO - New file entered pipeline: /Users/lesrene/Desktop/LabInstrument_Pipeline/data/raw/instrument_run_1777365540.json
2026-04-28 04:39:00,700 - ETL_Pipeline - INFO - Successfully ingested and added rows to database from: /Users/lesrene/Desktop/LabInstrument_Pipeline/data/raw/instrument_run_1777365540.json
2026-04-28 04:39:00,700 - ETL_Pipeline - INFO - VALIDATION_PASSED: File passed validation in /Users/lesrene/Desktop/LabInstrument_Pipeline/data/raw/instrument_run_1777365540.json
2026-04-28 04:39:00,702 - ETL_Pipeline - INFO - Moved: instrument_run_1777365540.json -> data/processed
2026-04-28 04:39:10,693 - ETL_Pipeline - INFO - New file entered pipeline: /Users/lesrene/Desktop/LabInstrument_Pipeline/data/raw/instrument_run_1777365550.json
2026-04-28 04:39:10,714 - ETL_Pipeline - INFO - Successfully ingested and added rows to database from: /Users/lesrene/Desktop/LabInstrument_Pipeline/data/raw/instrument_run_1777365550.json
2026-04-28 04:39:10,714 - ETL_Pipeline - INFO - VALIDATION_PASSED: File passed validation in /Users/lesrene/Desktop/LabInstrument_Pipeline/data/raw/instrument_run_1777365550.json
2026-04-28 04:39:10,714 - ETL_Pipeline - INFO - Moved: instrument_run_1777365550.json -> data/processed
2026-04-28 04:39:20,705 - ETL_Pipeline - INFO - New file entered pipeline: /Users/lesrene/Desktop/LabInstrument_Pipeline/data/raw/instrument_run_1777365560.json
2026-04-28 04:39:20,721 - ETL_Pipeline - INFO - Successfully ingested and added rows to database from: /Users/lesrene/Desktop/LabInstrument_Pipeline/data/raw/instrument_run_1777365560.json
2026-04-28 04:39:20,721 - ETL_Pipeline - INFO - VALIDATION_PASSED: File passed validation in /Users/lesrene/Desktop/LabInstrument_Pipeline/data/raw/instrument_run_1777365560.json
2026-04-28 04:39:20,722 - ETL_Pipeline - INFO - Moved: instrument_run_1777365560.json -> data/processed
2026-04-28 04:39:30,712 - ETL_Pipeline - INFO - New file entered pipeline: /Users/lesrene/Desktop/LabInstrument_Pipeline/data/raw/instrument_run_1777365570.json
2026-04-28 04:39:30,728 - ETL_Pipeline - INFO - Successfully ingested and added rows to database from: /Users/lesrene/Desktop/LabInstrument_Pipeline/data/raw/instrument_run_1777365570.json
2026-04-28 04:39:30,728 - ETL_Pipeline - INFO - VALIDATION_PASSED: File passed validation in /Users/lesrene/Desktop/LabInstrument_Pipeline/data/raw/instrument_run_1777365570.json
2026-04-28 04:39:30,729 - ETL_Pipeline - INFO - Moved: instrument_run_1777365570.json -> data/processed
2026-04-28 04:39:40,732 - ETL_Pipeline - INFO - New file entered pipeline: /Users/lesrene/Desktop/LabInstrument_Pipeline/data/raw/instrument_run_1777365580.json
2026-04-28 04:39:40,754 - ETL_Pipeline - INFO - Successfully ingested and added rows to database from: /Users/lesrene/Desktop/LabInstrument_Pipeline/data/raw/instrument_run_1777365580.json
2026-04-28 04:39:40,754 - ETL_Pipeline - INFO - VALIDATION_PASSED: File passed validation in /Users/lesrene/Desktop/LabInstrument_Pipeline/data/raw/instrument_run_1777365580.json
2026-04-28 04:39:40,756 - ETL_Pipeline - INFO - Moved: instrument_run_1777365580.json -> data/processed
2026-04-28 04:39:50,747 - ETL_Pipeline - INFO - New file entered pipeline: /Users/lesrene/Desktop/LabInstrument_Pipeline/data/raw/instrument_run_1777365590.json
2026-04-28 04:39:50,766 - ETL_Pipeline - INFO - Successfully ingested and added rows to database from: /Users/lesrene/Desktop/LabInstrument_Pipeline/data/raw/instrument_run_1777365590.json
2026-04-28 04:39:50,766 - ETL_Pipeline - INFO - VALIDATION_PASSED: File passed validation in /Users/lesrene/Desktop/LabInstrument_Pipeline/data/raw/instrument_run_1777365590.json
2026-04-28 04:39:50,767 - ETL_Pipeline - INFO - Moved: instrument_run_1777365590.json -> data/processed
2026-04-28 04:40:00,757 - ETL_Pipeline - INFO - New file entered pipeline: /Users/lesrene/Desktop/LabInstrument_Pipeline/data/raw/instrument_run_1777365600.json
2026-04-28 04:40:00,768 - ETL_Pipeline - INFO - Successfully ingested and added rows to database from: /Users/lesrene/Desktop/LabInstrument_Pipeline/data/raw/instrument_run_1777365600.json
2026-04-28 04:40:00,769 - ETL_Pipeline - INFO - VALIDATION_PASSED: File passed validation in /Users/lesrene/Desktop/LabInstrument_Pipeline/data/raw/instrument_run_1777365600.json
2026-04-28 04:40:00,770 - ETL_Pipeline - INFO - Moved: instrument_run_1777365600.json -> data/processed
2026-04-28 04:40:10,779 - ETL_Pipeline - INFO - New file entered pipeline: /Users/lesrene/Desktop/LabInstrument_Pipeline/data/raw/instrument_run_1777365610.json
2026-04-28 04:40:10,797 - ETL_Pipeline - INFO - Successfully ingested and added rows to database from: /Users/lesrene/Desktop/LabInstrument_Pipeline/data/raw/instrument_run_1777365610.json
2026-04-28 04:40:10,797 - ETL_Pipeline - INFO - VALIDATION_PASSED: File passed validation in /Users/lesrene/Desktop/LabInstrument_Pipeline/data/raw/instrument_run_1777365610.json
2026-04-28 04:40:10,798 - ETL_Pipeline - INFO - Moved: instrument_run_1777365610.json -> data/processed
2026-04-28 04:40:20,793 - ETL_Pipeline - INFO - New file entered pipeline: /Users/lesrene/Desktop/LabInstrument_Pipeline/data/raw/instrument_run_1777365620.json
2026-04-28 04:40:20,812 - ETL_Pipeline - INFO - Successfully ingested and added rows to database from: /Users/lesrene/Desktop/LabInstrument_Pipeline/data/raw/instrument_run_1777365620.json
2026-04-28 04:40:20,812 - ETL_Pipeline - INFO - VALIDATION_PASSED: File passed validation in /Users/lesrene/Desktop/LabInstrument_Pipeline/data/raw/instrument_run_1777365620.json
2026-04-28 04:40:20,818 - ETL_Pipeline - INFO - Moved: instrument_run_1777365620.json -> data/processed
2026-04-28 04:40:30,802 - ETL_Pipeline - INFO - New file entered pipeline: /Users/lesrene/Desktop/LabInstrument_Pipeline/data/raw/instrument_run_1777365630.json
2026-04-28 04:40:30,815 - ETL_Pipeline - INFO - Successfully ingested and added rows to database from: /Users/lesrene/Desktop/LabInstrument_Pipeline/data/raw/instrument_run_1777365630.json
2026-04-28 04:40:30,815 - ETL_Pipeline - INFO - VALIDATION_PASSED: File passed validation in /Users/lesrene/Desktop/LabInstrument_Pipeline/data/raw/instrument_run_1777365630.json
2026-04-28 04:40:30,816 - ETL_Pipeline - INFO - Moved: instrument_run_1777365630.json -> data/processed
2026-04-28 04:40:40,816 - ETL_Pipeline - INFO - New file entered pipeline: /Users/lesrene/Desktop/LabInstrument_Pipeline/data/raw/instrument_run_1777365640.json
2026-04-28 04:40:40,830 - ETL_Pipeline - INFO - Successfully ingested and added rows to database from: /Users/lesrene/Desktop/LabInstrument_Pipeline/data/raw/instrument_run_1777365640.json
2026-04-28 04:40:40,830 - ETL_Pipeline - INFO - VALIDATION_PASSED: File passed validation in /Users/lesrene/Desktop/LabInstrument_Pipeline/data/raw/instrument_run_1777365640.json
2026-04-28 04:40:40,831 - ETL_Pipeline - INFO - Moved: instrument_run_1777365640.json -> data/processed
2026-04-28 04:40:50,821 - ETL_Pipeline - INFO - New file entered pipeline: /Users/lesrene/Desktop/LabInstrument_Pipeline/data/raw/instrument_run_1777365650.json
2026-04-28 04:40:50,833 - ETL_Pipeline - INFO - Successfully ingested and added rows to database from: /Users/lesrene/Desktop/LabInstrument_Pipeline/data/raw/instrument_run_1777365650.json
2026-04-28 04:40:50,833 - ETL_Pipeline - INFO - VALIDATION_PASSED: File passed validation in /Users/lesrene/Desktop/LabInstrument_Pipeline/data/raw/instrument_run_1777365650.json
2026-04-28 04:40:50,835 - ETL_Pipeline - INFO - Moved: instrument_run_1777365650.json -> data/processed
2026-04-28 04:41:00,834 - ETL_Pipeline - INFO - New file entered pipeline: /Users/lesrene/Desktop/LabInstrument_Pipeline/data/raw/instrument_run_1777365660.json
2026-04-28 04:41:00,840 - ETL_Pipeline - INFO - Successfully ingested and added rows to database from: /Users/lesrene/Desktop/LabInstrument_Pipeline/data/raw/instrument_run_1777365660.json
2026-04-28 04:41:00,841 - ETL_Pipeline - INFO - VALIDATION_PASSED: File passed validation in /Users/lesrene/Desktop/LabInstrument_Pipeline/data/raw/instrument_run_1777365660.json
2026-04-28 04:41:00,841 - ETL_Pipeline - INFO - Moved: instrument_run_1777365660.json -> data/processed
2026-04-28 04:41:10,849 - ETL_Pipeline - INFO - New file entered pipeline: /Users/lesrene/Desktop/LabInstrument_Pipeline/data/raw/instrument_run_1777365670.json
2026-04-28 04:41:10,863 - ETL_Pipeline - INFO - Successfully ingested and added rows to database from: /Users/lesrene/Desktop/LabInstrument_Pipeline/data/raw/instrument_run_1777365670.json
2026-04-28 04:41:10,864 - ETL_Pipeline - INFO - VALIDATION_PASSED: File passed validation in /Users/lesrene/Desktop/LabInstrument_Pipeline/data/raw/instrument_run_1777365670.json
2026-04-28 04:41:10,865 - ETL_Pipeline - INFO - Moved: instrument_run_1777365670.json -> data/processed
2026-04-28 04:41:20,860 - ETL_Pipeline - INFO - New file entered pipeline: /Users/lesrene/Desktop/LabInstrument_Pipeline/data/raw/instrument_run_1777365680.json
2026-04-28 04:41:20,871 - ETL_Pipeline - INFO - Successfully ingested and added rows to database from: /Users/lesrene/Desktop/LabInstrument_Pipeline/data/raw/instrument_run_1777365680.json
2026-04-28 04:41:20,872 - ETL_Pipeline - INFO - VALIDATION_PASSED: File passed validation in /Users/lesrene/Desktop/LabInstrument_Pipeline/data/raw/instrument_run_1777365680.json
2026-04-28 04:41:20,873 - ETL_Pipeline - INFO - Moved: instrument_run_1777365680.json -> data/processed
2026-04-28 04:41:30,874 - ETL_Pipeline - INFO - New file entered pipeline: /Users/lesrene/Desktop/LabInstrument_Pipeline/data/raw/instrument_run_1777365690.json
2026-04-28 04:41:30,886 - ETL_Pipeline - INFO - Successfully ingested and added rows to database from: /Users/lesrene/Desktop/LabInstrument_Pipeline/data/raw/instrument_run_1777365690.json
2026-04-28 04:41:30,886 - ETL_Pipeline - INFO - VALIDATION_PASSED: File passed validation in /Users/lesrene/Desktop/LabInstrument_Pipeline/data/raw/instrument_run_1777365690.json
2026-04-28 04:41:30,887 - ETL_Pipeline - INFO - Moved: instrument_run_1777365690.json -> data/processed
2026-04-28 04:41:40,887 - ETL_Pipeline - INFO - New file entered pipeline: /Users/lesrene/Desktop/LabInstrument_Pipeline/data/raw/instrument_run_1777365700.json
2026-04-28 04:41:40,900 - ETL_Pipeline - INFO - Successfully ingested and added rows to database from: /Users/lesrene/Desktop/LabInstrument_Pipeline/data/raw/instrument_run_1777365700.json
2026-04-28 04:41:40,901 - ETL_Pipeline - INFO - VALIDATION_PASSED: File passed validation in /Users/lesrene/Desktop/LabInstrument_Pipeline/data/raw/instrument_run_1777365700.json
2026-04-28 04:41:40,901 - ETL_Pipeline - INFO - Moved: instrument_run_1777365700.json -> data/processed
2026-04-28 04:41:50,900 - ETL_Pipeline - INFO - New file entered pipeline: /Users/lesrene/Desktop/LabInstrument_Pipeline/data/raw/instrument_run_1777365710.json
2026-04-28 04:41:50,910 - ETL_Pipeline - INFO - Successfully ingested and added rows to database from: /Users/lesrene/Desktop/LabInstrument_Pipeline/data/raw/instrument_run_1777365710.json
2026-04-28 04:41:50,911 - ETL_Pipeline - INFO - VALIDATION_PASSED: File passed validation in /Users/lesrene/Desktop/LabInstrument_Pipeline/data/raw/instrument_run_1777365710.json
2026-04-28 04:41:50,912 - ETL_Pipeline - INFO - Moved: instrument_run_1777365710.json -> data/processed
2026-04-28 04:42:00,918 - ETL_Pipeline - INFO - New file entered pipeline: /Users/lesrene/Desktop/LabInstrument_Pipeline/data/raw/instrument_run_1777365720.json
2026-04-28 04:42:00,931 - ETL_Pipeline - INFO - Successfully ingested and added rows to database from: /Users/lesrene/Desktop/LabInstrument_Pipeline/data/raw/instrument_run_1777365720.json
2026-04-28 04:42:00,932 - ETL_Pipeline - INFO - VALIDATION_PASSED: File passed validation in /Users/lesrene/Desktop/LabInstrument_Pipeline/data/raw/instrument_run_1777365720.json
2026-04-28 04:42:00,932 - ETL_Pipeline - INFO - Moved: instrument_run_1777365720.json -> data/processed
2026-04-28 04:42:10,927 - ETL_Pipeline - INFO - New file entered pipeline: /Users/lesrene/Desktop/LabInstrument_Pipeline/data/raw/instrument_run_1777365730.json
2026-04-28 04:42:10,940 - ETL_Pipeline - INFO - Successfully ingested and added rows to database from: /Users/lesrene/Desktop/LabInstrument_Pipeline/data/raw/instrument_run_1777365730.json
2026-04-28 04:42:10,940 - ETL_Pipeline - INFO - VALIDATION_PASSED: File passed validation in /Users/lesrene/Desktop/LabInstrument_Pipeline/data/raw/instrument_run_1777365730.json
2026-04-28 04:42:10,941 - ETL_Pipeline - INFO - Moved: instrument_run_1777365730.json -> data/processed
2026-04-28 04:42:20,937 - ETL_Pipeline - INFO - New file entered pipeline: /Users/lesrene/Desktop/LabInstrument_Pipeline/data/raw/instrument_run_1777365740.json
2026-04-28 04:42:20,963 - ETL_Pipeline - INFO - Successfully ingested and added rows to database from: /Users/lesrene/Desktop/LabInstrument_Pipeline/data/raw/instrument_run_1777365740.json
2026-04-28 04:42:20,963 - ETL_Pipeline - INFO - VALIDATION_PASSED: File passed validation in /Users/lesrene/Desktop/LabInstrument_Pipeline/data/raw/instrument_run_1777365740.json
2026-04-28 04:42:20,964 - ETL_Pipeline - INFO - Moved: instrument_run_1777365740.json -> data/processed
2026-04-28 04:42:30,944 - ETL_Pipeline - INFO - New file entered pipeline: /Users/lesrene/Desktop/LabInstrument_Pipeline/data/raw/instrument_run_1777365750.json
2026-04-28 04:42:30,957 - ETL_Pipeline - INFO - Successfully ingested and added rows to database from: /Users/lesrene/Desktop/LabInstrument_Pipeline/data/raw/instrument_run_1777365750.json
2026-04-28 04:42:30,958 - ETL_Pipeline - INFO - VALIDATION_PASSED: File passed validation in /Users/lesrene/Desktop/LabInstrument_Pipeline/data/raw/instrument_run_1777365750.json
2026-04-28 04:42:30,959 - ETL_Pipeline - INFO - Moved: instrument_run_1777365750.json -> data/processed
2026-04-28 04:42:40,958 - ETL_Pipeline - INFO - New file entered pipeline: /Users/lesrene/Desktop/LabInstrument_Pipeline/data/raw/instrument_run_1777365760.json
2026-04-28 04:42:40,971 - ETL_Pipeline - INFO - Successfully ingested and added rows to database from: /Users/lesrene/Desktop/LabInstrument_Pipeline/data/raw/instrument_run_1777365760.json
2026-04-28 04:42:40,971 - ETL_Pipeline - INFO - VALIDATION_PASSED: File passed validation in /Users/lesrene/Desktop/LabInstrument_Pipeline/data/raw/instrument_run_1777365760.json
2026-04-28 04:42:40,972 - ETL_Pipeline - INFO - Moved: instrument_run_1777365760.json -> data/processed
2026-04-28 04:42:50,967 - ETL_Pipeline - INFO - New file entered pipeline: /Users/lesrene/Desktop/LabInstrument_Pipeline/data/raw/instrument_run_1777365770.json
2026-04-28 04:42:50,981 - ETL_Pipeline - INFO - Successfully ingested and added rows to database from: /Users/lesrene/Desktop/LabInstrument_Pipeline/data/raw/instrument_run_1777365770.json
2026-04-28 04:42:50,981 - ETL_Pipeline - INFO - VALIDATION_PASSED: File passed validation in /Users/lesrene/Desktop/LabInstrument_Pipeline/data/raw/instrument_run_1777365770.json
2026-04-28 04:42:50,982 - ETL_Pipeline - INFO - Moved: instrument_run_1777365770.json -> data/processed
2026-04-28 04:43:00,981 - ETL_Pipeline - INFO - New file entered pipeline: /Users/lesrene/Desktop/LabInstrument_Pipeline/data/raw/instrument_run_1777365780.json
2026-04-28 04:43:00,994 - ETL_Pipeline - INFO - Successfully ingested and added rows to database from: /Users/lesrene/Desktop/LabInstrument_Pipeline/data/raw/instrument_run_1777365780.json
2026-04-28 04:43:00,994 - ETL_Pipeline - INFO - VALIDATION_PASSED: File passed validation in /Users/lesrene/Desktop/LabInstrument_Pipeline/data/raw/instrument_run_1777365780.json
2026-04-28 04:43:00,996 - ETL_Pipeline - INFO - Moved: instrument_run_1777365780.json -> data/processed
2026-04-28 04:43:10,992 - ETL_Pipeline - INFO - New file entered pipeline: /Users/lesrene/Desktop/LabInstrument_Pipeline/data/raw/instrument_run_1777365790.json
2026-04-28 04:43:11,005 - ETL_Pipeline - INFO - Successfully ingested and added rows to database from: /Users/lesrene/Desktop/LabInstrument_Pipeline/data/raw/instrument_run_1777365790.json
2026-04-28 04:43:11,005 - ETL_Pipeline - INFO - VALIDATION_PASSED: File passed validation in /Users/lesrene/Desktop/LabInstrument_Pipeline/data/raw/instrument_run_1777365790.json
2026-04-28 04:43:11,006 - ETL_Pipeline - INFO - Moved: instrument_run_1777365790.json -> data/processed
2026-04-28 04:43:21,008 - ETL_Pipeline - INFO - New file entered pipeline: /Users/lesrene/Desktop/LabInstrument_Pipeline/data/raw/instrument_run_1777365800.json
2026-04-28 04:43:21,023 - ETL_Pipeline - INFO - Successfully ingested and added rows to database from: /Users/lesrene/Desktop/LabInstrument_Pipeline/data/raw/instrument_run_1777365800.json
2026-04-28 04:43:21,023 - ETL_Pipeline - INFO - VALIDATION_PASSED: File passed validation in /Users/lesrene/Desktop/LabInstrument_Pipeline/data/raw/instrument_run_1777365800.json
2026-04-28 04:43:21,024 - ETL_Pipeline - INFO - Moved: instrument_run_1777365800.json -> data/processed
2026-04-28 04:43:31,016 - ETL_Pipeline - INFO - New file entered pipeline: /Users/lesrene/Desktop/LabInstrument_Pipeline/data/raw/instrument_run_1777365811.json
2026-04-28 04:43:31,028 - ETL_Pipeline - INFO - Successfully ingested and added rows to database from: /Users/lesrene/Desktop/LabInstrument_Pipeline/data/raw/instrument_run_1777365811.json
2026-04-28 04:43:31,028 - ETL_Pipeline - INFO - VALIDATION_PASSED: File passed validation in /Users/lesrene/Desktop/LabInstrument_Pipeline/data/raw/instrument_run_1777365811.json
2026-04-28 04:43:31,029 - ETL_Pipeline - INFO - Moved: instrument_run_1777365811.json -> data/processed
2026-04-28 04:43:41,031 - ETL_Pipeline - INFO - New file entered pipeline: /Users/lesrene/Desktop/LabInstrument_Pipeline/data/raw/instrument_run_1777365821.json
2026-04-28 04:43:41,043 - ETL_Pipeline - INFO - Successfully ingested and added rows to database from: /Users/lesrene/Desktop/LabInstrument_Pipeline/data/raw/instrument_run_1777365821.json
2026-04-28 04:43:41,043 - ETL_Pipeline - INFO - VALIDATION_PASSED: File passed validation in /Users/lesrene/Desktop/LabInstrument_Pipeline/data/raw/instrument_run_1777365821.json
2026-04-28 04:43:41,045 - ETL_Pipeline - INFO - Moved: instrument_run_1777365821.json -> data/processed
2026-04-28 04:43:51,038 - ETL_Pipeline - INFO - New file entered pipeline: /Users/lesrene/Desktop/LabInstrument_Pipeline/data/raw/instrument_run_1777365831.json
2026-04-28 04:43:51,050 - ETL_Pipeline - INFO - Successfully ingested and added rows to database from: /Users/lesrene/Desktop/LabInstrument_Pipeline/data/raw/instrument_run_1777365831.json
2026-04-28 04:43:51,050 - ETL_Pipeline - INFO - VALIDATION_PASSED: File passed validation in /Users/lesrene/Desktop/LabInstrument_Pipeline/data/raw/instrument_run_1777365831.json
2026-04-28 04:43:51,051 - ETL_Pipeline - INFO - Moved: instrument_run_1777365831.json -> data/processed
2026-04-28 04:44:01,057 - ETL_Pipeline - INFO - New file entered pipeline: /Users/lesrene/Desktop/LabInstrument_Pipeline/data/raw/instrument_run_1777365841.json
2026-04-28 04:44:01,084 - ETL_Pipeline - INFO - Successfully ingested and added rows to database from: /Users/lesrene/Desktop/LabInstrument_Pipeline/data/raw/instrument_run_1777365841.json
2026-04-28 04:44:01,084 - ETL_Pipeline - INFO - VALIDATION_PASSED: File passed validation in /Users/lesrene/Desktop/LabInstrument_Pipeline/data/raw/instrument_run_1777365841.json
2026-04-28 04:44:01,085 - ETL_Pipeline - INFO - Moved: instrument_run_1777365841.json -> data/processed
2026-04-28 04:44:11,064 - ETL_Pipeline - INFO - New file entered pipeline: /Users/lesrene/Desktop/LabInstrument_Pipeline/data/raw/instrument_run_1777365851.json
2026-04-28 04:44:11,077 - ETL_Pipeline - INFO - Successfully ingested and added rows to database from: /Users/lesrene/Desktop/LabInstrument_Pipeline/data/raw/instrument_run_1777365851.json
2026-04-28 04:44:11,077 - ETL_Pipeline - INFO - VALIDATION_PASSED: File passed validation in /Users/lesrene/Desktop/LabInstrument_Pipeline/data/raw/instrument_run_1777365851.json
2026-04-28 04:44:11,079 - ETL_Pipeline - INFO - Moved: instrument_run_1777365851.json -> data/processed
2026-04-28 04:44:21,078 - ETL_Pipeline - INFO - New file entered pipeline: /Users/lesrene/Desktop/LabInstrument_Pipeline/data/raw/instrument_run_1777365861.json
2026-04-28 04:44:21,092 - ETL_Pipeline - INFO - Successfully ingested and added rows to database from: /Users/lesrene/Desktop/LabInstrument_Pipeline/data/raw/instrument_run_1777365861.json
2026-04-28 04:44:21,092 - ETL_Pipeline - INFO - VALIDATION_PASSED: File passed validation in /Users/lesrene/Desktop/LabInstrument_Pipeline/data/raw/instrument_run_1777365861.json
2026-04-28 04:44:21,093 - ETL_Pipeline - INFO - Moved: instrument_run_1777365861.json -> data/processed
2026-04-28 04:44:31,087 - ETL_Pipeline - INFO - New file entered pipeline: /Users/lesrene/Desktop/LabInstrument_Pipeline/data/raw/instrument_run_1777365871.json
2026-04-28 04:44:31,096 - ETL_Pipeline - INFO - Successfully ingested and added rows to database from: /Users/lesrene/Desktop/LabInstrument_Pipeline/data/raw/instrument_run_1777365871.json
2026-04-28 04:44:31,097 - ETL_Pipeline - INFO - VALIDATION_PASSED: File passed validation in /Users/lesrene/Desktop/LabInstrument_Pipeline/data/raw/instrument_run_1777365871.json
2026-04-28 04:44:31,097 - ETL_Pipeline - INFO - Moved: instrument_run_1777365871.json -> data/processed
2026-04-28 04:44:41,100 - ETL_Pipeline - INFO - New file entered pipeline: /Users/lesrene/Desktop/LabInstrument_Pipeline/data/raw/instrument_run_1777365881.json
2026-04-28 04:44:41,104 - ETL_Pipeline - ERROR - VALIDATION_FAILED: Invalid Mass: -1.0 mg in /Users/lesrene/Desktop/LabInstrument_Pipeline/data/raw/instrument_run_1777365881.json
2026-04-28 04:44:41,110 - ETL_Pipeline - INFO - Moved: instrument_run_1777365881.json -> data/quarantine
2026-04-28 04:44:51,116 - ETL_Pipeline - INFO - New file entered pipeline: /Users/lesrene/Desktop/LabInstrument_Pipeline/data/raw/instrument_run_1777365891.json
2026-04-28 04:44:51,129 - ETL_Pipeline - INFO - Successfully ingested and added rows to database from: /Users/lesrene/Desktop/LabInstrument_Pipeline/data/raw/instrument_run_1777365891.json
2026-04-28 04:44:51,129 - ETL_Pipeline - INFO - VALIDATION_PASSED: File passed validation in /Users/lesrene/Desktop/LabInstrument_Pipeline/data/raw/instrument_run_1777365891.json
2026-04-28 04:44:51,130 - ETL_Pipeline - INFO - Moved: instrument_run_1777365891.json -> data/processed
2026-04-28 04:45:01,131 - ETL_Pipeline - INFO - New file entered pipeline: /Users/lesrene/Desktop/LabInstrument_Pipeline/data/raw/instrument_run_1777365901.json
2026-04-28 04:45:01,141 - ETL_Pipeline - INFO - Successfully ingested and added rows to database from: /Users/lesrene/Desktop/LabInstrument_Pipeline/data/raw/instrument_run_1777365901.json
2026-04-28 04:45:01,142 - ETL_Pipeline - INFO - VALIDATION_PASSED: File passed validation in /Users/lesrene/Desktop/LabInstrument_Pipeline/data/raw/instrument_run_1777365901.json
2026-04-28 04:45:01,143 - ETL_Pipeline - INFO - Moved: instrument_run_1777365901.json -> data/processed
2026-04-28 04:45:11,140 - ETL_Pipeline - INFO - New file entered pipeline: /Users/lesrene/Desktop/LabInstrument_Pipeline/data/raw/instrument_run_1777365911.json
2026-04-28 04:45:11,153 - ETL_Pipeline - INFO - Successfully ingested and added rows to database from: /Users/lesrene/Desktop/LabInstrument_Pipeline/data/raw/instrument_run_1777365911.json
2026-04-28 04:45:11,154 - ETL_Pipeline - INFO - VALIDATION_PASSED: File passed validation in /Users/lesrene/Desktop/LabInstrument_Pipeline/data/raw/instrument_run_1777365911.json
2026-04-28 04:45:11,155 - ETL_Pipeline - INFO - Moved: instrument_run_1777365911.json -> data/processed
2026-04-28 04:45:21,156 - ETL_Pipeline - INFO - New file entered pipeline: /Users/lesrene/Desktop/LabInstrument_Pipeline/data/raw/instrument_run_1777365921.json
2026-04-28 04:45:21,171 - ETL_Pipeline - INFO - Successfully ingested and added rows to database from: /Users/lesrene/Desktop/LabInstrument_Pipeline/data/raw/instrument_run_1777365921.json
2026-04-28 04:45:21,171 - ETL_Pipeline - INFO - VALIDATION_PASSED: File passed validation in /Users/lesrene/Desktop/LabInstrument_Pipeline/data/raw/instrument_run_1777365921.json
2026-04-28 04:45:21,172 - ETL_Pipeline - INFO - Moved: instrument_run_1777365921.json -> data/processed
2026-04-28 04:45:31,166 - ETL_Pipeline - INFO - New file entered pipeline: /Users/lesrene/Desktop/LabInstrument_Pipeline/data/raw/instrument_run_1777365931.json
2026-04-28 04:45:31,179 - ETL_Pipeline - INFO - Successfully ingested and added rows to database from: /Users/lesrene/Desktop/LabInstrument_Pipeline/data/raw/instrument_run_1777365931.json
2026-04-28 04:45:31,179 - ETL_Pipeline - INFO - VALIDATION_PASSED: File passed validation in /Users/lesrene/Desktop/LabInstrument_Pipeline/data/raw/instrument_run_1777365931.json
2026-04-28 04:45:31,180 - ETL_Pipeline - INFO - Moved: instrument_run_1777365931.json -> data/processed
2026-04-28 04:45:41,182 - ETL_Pipeline - INFO - New file entered pipeline: /Users/lesrene/Desktop/LabInstrument_Pipeline/data/raw/instrument_run_1777365941.json
2026-04-28 04:45:41,195 - ETL_Pipeline - INFO - Successfully ingested and added rows to database from: /Users/lesrene/Desktop/LabInstrument_Pipeline/data/raw/instrument_run_1777365941.json
2026-04-28 04:45:41,195 - ETL_Pipeline - INFO - VALIDATION_PASSED: File passed validation in /Users/lesrene/Desktop/LabInstrument_Pipeline/data/raw/instrument_run_1777365941.json
2026-04-28 04:45:41,196 - ETL_Pipeline - INFO - Moved: instrument_run_1777365941.json -> data/processed
2026-04-28 05:00:49,718 - ETL_Pipeline - INFO - New file entered pipeline: /Users/lesrene/Desktop/LabInstrument_Pipeline/data/raw/instrument_run_1777366849.json
2026-04-28 05:00:49,740 - ETL_Pipeline - INFO - Successfully ingested and added rows to database from: /Users/lesrene/Desktop/LabInstrument_Pipeline/data/raw/instrument_run_1777366849.json
2026-04-28 05:00:49,741 - ETL_Pipeline - INFO - VALIDATION_PASSED: File passed validation in /Users/lesrene/Desktop/LabInstrument_Pipeline/data/raw/instrument_run_1777366849.json
2026-04-28 05:00:49,741 - ETL_Pipeline - INFO - Moved: instrument_run_1777366849.json -> data/processed
2026-04-28 05:00:59,736 - ETL_Pipeline - INFO - New file entered pipeline: /Users/lesrene/Desktop/LabInstrument_Pipeline/data/raw/instrument_run_1777366859.json
2026-04-28 05:00:59,748 - ETL_Pipeline - INFO - Successfully ingested and added rows to database from: /Users/lesrene/Desktop/LabInstrument_Pipeline/data/raw/instrument_run_1777366859.json
2026-04-28 05:00:59,748 - ETL_Pipeline - INFO - VALIDATION_PASSED: File passed validation in /Users/lesrene/Desktop/LabInstrument_Pipeline/data/raw/instrument_run_1777366859.json
2026-04-28 05:00:59,748 - ETL_Pipeline - INFO - Moved: instrument_run_1777366859.json -> data/processed
2026-04-28 05:01:09,749 - ETL_Pipeline - INFO - New file entered pipeline: /Users/lesrene/Desktop/LabInstrument_Pipeline/data/raw/instrument_run_1777366869.json
2026-04-28 05:01:09,765 - ETL_Pipeline - INFO - Successfully ingested and added rows to database from: /Users/lesrene/Desktop/LabInstrument_Pipeline/data/raw/instrument_run_1777366869.json
2026-04-28 05:01:09,766 - ETL_Pipeline - INFO - VALIDATION_PASSED: File passed validation in /Users/lesrene/Desktop/LabInstrument_Pipeline/data/raw/instrument_run_1777366869.json
2026-04-28 05:01:09,767 - ETL_Pipeline - INFO - Moved: instrument_run_1777366869.json -> data/processed
2026-04-28 05:01:19,763 - ETL_Pipeline - INFO - New file entered pipeline: /Users/lesrene/Desktop/LabInstrument_Pipeline/data/raw/instrument_run_1777366879.json
2026-04-28 05:01:19,766 - ETL_Pipeline - ERROR - VALIDATION_FAILED: Invalid Mass: -1.0 mg in /Users/lesrene/Desktop/LabInstrument_Pipeline/data/raw/instrument_run_1777366879.json
2026-04-28 05:01:19,772 - ETL_Pipeline - INFO - Moved: instrument_run_1777366879.json -> data/quarantine
2026-04-28 05:01:29,778 - ETL_Pipeline - INFO - New file entered pipeline: /Users/lesrene/Desktop/LabInstrument_Pipeline/data/raw/instrument_run_1777366889.json
2026-04-28 05:01:29,792 - ETL_Pipeline - INFO - Successfully ingested and added rows to database from: /Users/lesrene/Desktop/LabInstrument_Pipeline/data/raw/instrument_run_1777366889.json
2026-04-28 05:01:29,792 - ETL_Pipeline - INFO - VALIDATION_PASSED: File passed validation in /Users/lesrene/Desktop/LabInstrument_Pipeline/data/raw/instrument_run_1777366889.json
2026-04-28 05:01:29,793 - ETL_Pipeline - INFO - Moved: instrument_run_1777366889.json -> data/processed
2026-04-28 05:01:39,795 - ETL_Pipeline - INFO - New file entered pipeline: /Users/lesrene/Desktop/LabInstrument_Pipeline/data/raw/instrument_run_1777366899.json
2026-04-28 05:01:39,809 - ETL_Pipeline - INFO - Successfully ingested and added rows to database from: /Users/lesrene/Desktop/LabInstrument_Pipeline/data/raw/instrument_run_1777366899.json
2026-04-28 05:01:39,810 - ETL_Pipeline - INFO - VALIDATION_PASSED: File passed validation in /Users/lesrene/Desktop/LabInstrument_Pipeline/data/raw/instrument_run_1777366899.json
2026-04-28 05:01:39,811 - ETL_Pipeline - INFO - Moved: instrument_run_1777366899.json -> data/processed
2026-04-28 05:01:49,800 - ETL_Pipeline - INFO - New file entered pipeline: /Users/lesrene/Desktop/LabInstrument_Pipeline/data/raw/instrument_run_1777366909.json
2026-04-28 05:01:49,813 - ETL_Pipeline - INFO - Successfully ingested and added rows to database from: /Users/lesrene/Desktop/LabInstrument_Pipeline/data/raw/instrument_run_1777366909.json
2026-04-28 05:01:49,813 - ETL_Pipeline - INFO - VALIDATION_PASSED: File passed validation in /Users/lesrene/Desktop/LabInstrument_Pipeline/data/raw/instrument_run_1777366909.json
2026-04-28 05:01:49,814 - ETL_Pipeline - INFO - Moved: instrument_run_1777366909.json -> data/processed
2026-04-28 05:01:59,807 - ETL_Pipeline - INFO - New file entered pipeline: /Users/lesrene/Desktop/LabInstrument_Pipeline/data/raw/instrument_run_1777366919.json
2026-04-28 05:01:59,819 - ETL_Pipeline - INFO - Successfully ingested and added rows to database from: /Users/lesrene/Desktop/LabInstrument_Pipeline/data/raw/instrument_run_1777366919.json
2026-04-28 05:01:59,819 - ETL_Pipeline - INFO - VALIDATION_PASSED: File passed validation in /Users/lesrene/Desktop/LabInstrument_Pipeline/data/raw/instrument_run_1777366919.json
2026-04-28 05:01:59,820 - ETL_Pipeline - INFO - Moved: instrument_run_1777366919.json -> data/processed
2026-04-28 05:02:09,829 - ETL_Pipeline - INFO - New file entered pipeline: /Users/lesrene/Desktop/LabInstrument_Pipeline/data/raw/instrument_run_1777366929.json
2026-04-28 05:02:09,857 - ETL_Pipeline - INFO - Successfully ingested and added rows to database from: /Users/lesrene/Desktop/LabInstrument_Pipeline/data/raw/instrument_run_1777366929.json
2026-04-28 05:02:09,857 - ETL_Pipeline - INFO - VALIDATION_PASSED: File passed validation in /Users/lesrene/Desktop/LabInstrument_Pipeline/data/raw/instrument_run_1777366929.json
2026-04-28 05:02:09,858 - ETL_Pipeline - INFO - Moved: instrument_run_1777366929.json -> data/processed
2026-04-28 05:02:19,839 - ETL_Pipeline - INFO - New file entered pipeline: /Users/lesrene/Desktop/LabInstrument_Pipeline/data/raw/instrument_run_1777366939.json
2026-04-28 05:02:19,853 - ETL_Pipeline - INFO - Successfully ingested and added rows to database from: /Users/lesrene/Desktop/LabInstrument_Pipeline/data/raw/instrument_run_1777366939.json
2026-04-28 05:02:19,854 - ETL_Pipeline - INFO - VALIDATION_PASSED: File passed validation in /Users/lesrene/Desktop/LabInstrument_Pipeline/data/raw/instrument_run_1777366939.json
2026-04-28 05:02:19,854 - ETL_Pipeline - INFO - Moved: instrument_run_1777366939.json -> data/processed
2026-04-28 05:02:29,849 - ETL_Pipeline - INFO - New file entered pipeline: /Users/lesrene/Desktop/LabInstrument_Pipeline/data/raw/instrument_run_1777366949.json
2026-04-28 05:02:29,863 - ETL_Pipeline - INFO - Successfully ingested and added rows to database from: /Users/lesrene/Desktop/LabInstrument_Pipeline/data/raw/instrument_run_1777366949.json
2026-04-28 05:02:29,863 - ETL_Pipeline - INFO - VALIDATION_PASSED: File passed validation in /Users/lesrene/Desktop/LabInstrument_Pipeline/data/raw/instrument_run_1777366949.json
2026-04-28 05:02:29,864 - ETL_Pipeline - INFO - Moved: instrument_run_1777366949.json -> data/processed
2026-04-28 05:02:39,856 - ETL_Pipeline - INFO - New file entered pipeline: /Users/lesrene/Desktop/LabInstrument_Pipeline/data/raw/instrument_run_1777366959.json
2026-04-28 05:02:39,871 - ETL_Pipeline - INFO - Successfully ingested and added rows to database from: /Users/lesrene/Desktop/LabInstrument_Pipeline/data/raw/instrument_run_1777366959.json
2026-04-28 05:02:39,871 - ETL_Pipeline - INFO - VALIDATION_PASSED: File passed validation in /Users/lesrene/Desktop/LabInstrument_Pipeline/data/raw/instrument_run_1777366959.json
2026-04-28 05:02:39,872 - ETL_Pipeline - INFO - Moved: instrument_run_1777366959.json -> data/processed
2026-04-28 05:02:49,870 - ETL_Pipeline - INFO - New file entered pipeline: /Users/lesrene/Desktop/LabInstrument_Pipeline/data/raw/instrument_run_1777366969.json
2026-04-28 05:02:49,883 - ETL_Pipeline - INFO - Successfully ingested and added rows to database from: /Users/lesrene/Desktop/LabInstrument_Pipeline/data/raw/instrument_run_1777366969.json
2026-04-28 05:02:49,884 - ETL_Pipeline - INFO - VALIDATION_PASSED: File passed validation in /Users/lesrene/Desktop/LabInstrument_Pipeline/data/raw/instrument_run_1777366969.json
2026-04-28 05:02:49,885 - ETL_Pipeline - INFO - Moved: instrument_run_1777366969.json -> data/processed
2026-04-28 05:02:59,878 - ETL_Pipeline - INFO - New file entered pipeline: /Users/lesrene/Desktop/LabInstrument_Pipeline/data/raw/instrument_run_1777366979.json
2026-04-28 05:02:59,891 - ETL_Pipeline - INFO - Successfully ingested and added rows to database from: /Users/lesrene/Desktop/LabInstrument_Pipeline/data/raw/instrument_run_1777366979.json
2026-04-28 05:02:59,891 - ETL_Pipeline - INFO - VALIDATION_PASSED: File passed validation in /Users/lesrene/Desktop/LabInstrument_Pipeline/data/raw/instrument_run_1777366979.json
2026-04-28 05:02:59,893 - ETL_Pipeline - INFO - Moved: instrument_run_1777366979.json -> data/processed
2026-04-28 05:03:09,891 - ETL_Pipeline - INFO - New file entered pipeline: /Users/lesrene/Desktop/LabInstrument_Pipeline/data/raw/instrument_run_1777366989.json
2026-04-28 05:03:09,905 - ETL_Pipeline - INFO - Successfully ingested and added rows to database from: /Users/lesrene/Desktop/LabInstrument_Pipeline/data/raw/instrument_run_1777366989.json
2026-04-28 05:03:09,905 - ETL_Pipeline - INFO - VALIDATION_PASSED: File passed validation in /Users/lesrene/Desktop/LabInstrument_Pipeline/data/raw/instrument_run_1777366989.json
2026-04-28 05:03:09,906 - ETL_Pipeline - INFO - Moved: instrument_run_1777366989.json -> data/processed
2026-04-28 05:03:19,904 - ETL_Pipeline - INFO - New file entered pipeline: /Users/lesrene/Desktop/LabInstrument_Pipeline/data/raw/instrument_run_1777366999.json
2026-04-28 05:03:19,911 - ETL_Pipeline - INFO - Successfully ingested and added rows to database from: /Users/lesrene/Desktop/LabInstrument_Pipeline/data/raw/instrument_run_1777366999.json
2026-04-28 05:03:19,911 - ETL_Pipeline - INFO - VALIDATION_PASSED: File passed validation in /Users/lesrene/Desktop/LabInstrument_Pipeline/data/raw/instrument_run_1777366999.json
2026-04-28 05:03:19,912 - ETL_Pipeline - INFO - Moved: instrument_run_1777366999.json -> data/processed
2026-04-28 05:03:29,916 - ETL_Pipeline - INFO - New file entered pipeline: /Users/lesrene/Desktop/LabInstrument_Pipeline/data/raw/instrument_run_1777367009.json
2026-04-28 05:03:29,931 - ETL_Pipeline - INFO - Successfully ingested and added rows to database from: /Users/lesrene/Desktop/LabInstrument_Pipeline/data/raw/instrument_run_1777367009.json
2026-04-28 05:03:29,931 - ETL_Pipeline - INFO - VALIDATION_PASSED: File passed validation in /Users/lesrene/Desktop/LabInstrument_Pipeline/data/raw/instrument_run_1777367009.json
2026-04-28 05:03:29,932 - ETL_Pipeline - INFO - Moved: instrument_run_1777367009.json -> data/processed
2026-04-28 05:03:39,931 - ETL_Pipeline - INFO - New file entered pipeline: /Users/lesrene/Desktop/LabInstrument_Pipeline/data/raw/instrument_run_1777367019.json
2026-04-28 05:03:39,943 - ETL_Pipeline - INFO - Successfully ingested and added rows to database from: /Users/lesrene/Desktop/LabInstrument_Pipeline/data/raw/instrument_run_1777367019.json
2026-04-28 05:03:39,943 - ETL_Pipeline - INFO - VALIDATION_PASSED: File passed validation in /Users/lesrene/Desktop/LabInstrument_Pipeline/data/raw/instrument_run_1777367019.json
2026-04-28 05:03:39,944 - ETL_Pipeline - INFO - Moved: instrument_run_1777367019.json -> data/processed
2026-04-28 05:03:49,937 - ETL_Pipeline - INFO - New file entered pipeline: /Users/lesrene/Desktop/LabInstrument_Pipeline/data/raw/instrument_run_1777367029.json
2026-04-28 05:03:49,949 - ETL_Pipeline - INFO - Successfully ingested and added rows to database from: /Users/lesrene/Desktop/LabInstrument_Pipeline/data/raw/instrument_run_1777367029.json
2026-04-28 05:03:49,950 - ETL_Pipeline - INFO - VALIDATION_PASSED: File passed validation in /Users/lesrene/Desktop/LabInstrument_Pipeline/data/raw/instrument_run_1777367029.json
2026-04-28 05:03:49,951 - ETL_Pipeline - INFO - Moved: instrument_run_1777367029.json -> data/processed
2026-04-28 05:03:59,950 - ETL_Pipeline - INFO - New file entered pipeline: /Users/lesrene/Desktop/LabInstrument_Pipeline/data/raw/instrument_run_1777367039.json
2026-04-28 05:03:59,963 - ETL_Pipeline - INFO - Successfully ingested and added rows to database from: /Users/lesrene/Desktop/LabInstrument_Pipeline/data/raw/instrument_run_1777367039.json
2026-04-28 05:03:59,963 - ETL_Pipeline - INFO - VALIDATION_PASSED: File passed validation in /Users/lesrene/Desktop/LabInstrument_Pipeline/data/raw/instrument_run_1777367039.json
2026-04-28 05:03:59,964 - ETL_Pipeline - INFO - Moved: instrument_run_1777367039.json -> data/processed
2026-04-28 05:04:09,959 - ETL_Pipeline - INFO - New file entered pipeline: /Users/lesrene/Desktop/LabInstrument_Pipeline/data/raw/instrument_run_1777367049.json
2026-04-28 05:04:09,981 - ETL_Pipeline - INFO - Successfully ingested and added rows to database from: /Users/lesrene/Desktop/LabInstrument_Pipeline/data/raw/instrument_run_1777367049.json
2026-04-28 05:04:09,981 - ETL_Pipeline - INFO - VALIDATION_PASSED: File passed validation in /Users/lesrene/Desktop/LabInstrument_Pipeline/data/raw/instrument_run_1777367049.json
2026-04-28 05:04:09,982 - ETL_Pipeline - INFO - Moved: instrument_run_1777367049.json -> data/processed
2026-04-28 05:04:19,969 - ETL_Pipeline - INFO - New file entered pipeline: /Users/lesrene/Desktop/LabInstrument_Pipeline/data/raw/instrument_run_1777367059.json
2026-04-28 05:04:19,981 - ETL_Pipeline - INFO - Successfully ingested and added rows to database from: /Users/lesrene/Desktop/LabInstrument_Pipeline/data/raw/instrument_run_1777367059.json
2026-04-28 05:04:19,982 - ETL_Pipeline - INFO - VALIDATION_PASSED: File passed validation in /Users/lesrene/Desktop/LabInstrument_Pipeline/data/raw/instrument_run_1777367059.json
2026-04-28 05:04:19,983 - ETL_Pipeline - INFO - Moved: instrument_run_1777367059.json -> data/processed
2026-04-28 05:04:29,983 - ETL_Pipeline - INFO - New file entered pipeline: /Users/lesrene/Desktop/LabInstrument_Pipeline/data/raw/instrument_run_1777367069.json
2026-04-28 05:04:29,996 - ETL_Pipeline - INFO - Successfully ingested and added rows to database from: /Users/lesrene/Desktop/LabInstrument_Pipeline/data/raw/instrument_run_1777367069.json
2026-04-28 05:04:29,997 - ETL_Pipeline - INFO - VALIDATION_PASSED: File passed validation in /Users/lesrene/Desktop/LabInstrument_Pipeline/data/raw/instrument_run_1777367069.json
2026-04-28 05:04:29,997 - ETL_Pipeline - INFO - Moved: instrument_run_1777367069.json -> data/processed
2026-04-28 05:04:39,994 - ETL_Pipeline - INFO - New file entered pipeline: /Users/lesrene/Desktop/LabInstrument_Pipeline/data/raw/instrument_run_1777367079.json
2026-04-28 05:04:40,006 - ETL_Pipeline - INFO - Successfully ingested and added rows to database from: /Users/lesrene/Desktop/LabInstrument_Pipeline/data/raw/instrument_run_1777367079.json
2026-04-28 05:04:40,007 - ETL_Pipeline - INFO - VALIDATION_PASSED: File passed validation in /Users/lesrene/Desktop/LabInstrument_Pipeline/data/raw/instrument_run_1777367079.json
2026-04-28 05:04:40,007 - ETL_Pipeline - INFO - Moved: instrument_run_1777367079.json -> data/processed
2026-04-28 05:04:50,014 - ETL_Pipeline - INFO - New file entered pipeline: /Users/lesrene/Desktop/LabInstrument_Pipeline/data/raw/instrument_run_1777367089.json
2026-04-28 05:04:50,033 - ETL_Pipeline - INFO - Successfully ingested and added rows to database from: /Users/lesrene/Desktop/LabInstrument_Pipeline/data/raw/instrument_run_1777367089.json
2026-04-28 05:04:50,033 - ETL_Pipeline - INFO - VALIDATION_PASSED: File passed validation in /Users/lesrene/Desktop/LabInstrument_Pipeline/data/raw/instrument_run_1777367089.json
2026-04-28 05:04:50,034 - ETL_Pipeline - INFO - Moved: instrument_run_1777367089.json -> data/processed
2026-04-28 05:05:00,025 - ETL_Pipeline - INFO - New file entered pipeline: /Users/lesrene/Desktop/LabInstrument_Pipeline/data/raw/instrument_run_1777367100.json
2026-04-28 05:05:00,038 - ETL_Pipeline - INFO - Successfully ingested and added rows to database from: /Users/lesrene/Desktop/LabInstrument_Pipeline/data/raw/instrument_run_1777367100.json
2026-04-28 05:05:00,038 - ETL_Pipeline - INFO - VALIDATION_PASSED: File passed validation in /Users/lesrene/Desktop/LabInstrument_Pipeline/data/raw/instrument_run_1777367100.json
2026-04-28 05:05:00,039 - ETL_Pipeline - INFO - Moved: instrument_run_1777367100.json -> data/processed
2026-04-28 05:05:10,043 - ETL_Pipeline - INFO - New file entered pipeline: /Users/lesrene/Desktop/LabInstrument_Pipeline/data/raw/instrument_run_1777367110.json
2026-04-28 05:05:10,071 - ETL_Pipeline - INFO - Successfully ingested and added rows to database from: /Users/lesrene/Desktop/LabInstrument_Pipeline/data/raw/instrument_run_1777367110.json
2026-04-28 05:05:10,072 - ETL_Pipeline - INFO - VALIDATION_PASSED: File passed validation in /Users/lesrene/Desktop/LabInstrument_Pipeline/data/raw/instrument_run_1777367110.json
2026-04-28 05:05:10,072 - ETL_Pipeline - INFO - Moved: instrument_run_1777367110.json -> data/processed
2026-04-28 05:05:20,059 - ETL_Pipeline - INFO - New file entered pipeline: /Users/lesrene/Desktop/LabInstrument_Pipeline/data/raw/instrument_run_1777367120.json
2026-04-28 05:05:20,070 - ETL_Pipeline - INFO - Successfully ingested and added rows to database from: /Users/lesrene/Desktop/LabInstrument_Pipeline/data/raw/instrument_run_1777367120.json
2026-04-28 05:05:20,070 - ETL_Pipeline - INFO - VALIDATION_PASSED: File passed validation in /Users/lesrene/Desktop/LabInstrument_Pipeline/data/raw/instrument_run_1777367120.json
2026-04-28 05:05:20,071 - ETL_Pipeline - INFO - Moved: instrument_run_1777367120.json -> data/processed
2026-04-28 05:05:30,076 - ETL_Pipeline - INFO - New file entered pipeline: /Users/lesrene/Desktop/LabInstrument_Pipeline/data/raw/instrument_run_1777367130.json
2026-04-28 05:05:30,090 - ETL_Pipeline - INFO - Successfully ingested and added rows to database from: /Users/lesrene/Desktop/LabInstrument_Pipeline/data/raw/instrument_run_1777367130.json
2026-04-28 05:05:30,090 - ETL_Pipeline - INFO - VALIDATION_PASSED: File passed validation in /Users/lesrene/Desktop/LabInstrument_Pipeline/data/raw/instrument_run_1777367130.json
2026-04-28 05:05:30,091 - ETL_Pipeline - INFO - Moved: instrument_run_1777367130.json -> data/processed
2026-04-28 05:05:40,087 - ETL_Pipeline - INFO - New file entered pipeline: /Users/lesrene/Desktop/LabInstrument_Pipeline/data/raw/instrument_run_1777367140.json
2026-04-28 05:05:40,098 - ETL_Pipeline - INFO - Successfully ingested and added rows to database from: /Users/lesrene/Desktop/LabInstrument_Pipeline/data/raw/instrument_run_1777367140.json
2026-04-28 05:05:40,098 - ETL_Pipeline - INFO - VALIDATION_PASSED: File passed validation in /Users/lesrene/Desktop/LabInstrument_Pipeline/data/raw/instrument_run_1777367140.json
2026-04-28 05:05:40,099 - ETL_Pipeline - INFO - Moved: instrument_run_1777367140.json -> data/processed
2026-04-28 05:05:50,105 - ETL_Pipeline - INFO - New file entered pipeline: /Users/lesrene/Desktop/LabInstrument_Pipeline/data/raw/instrument_run_1777367150.json
2026-04-28 05:05:50,130 - ETL_Pipeline - INFO - Successfully ingested and added rows to database from: /Users/lesrene/Desktop/LabInstrument_Pipeline/data/raw/instrument_run_1777367150.json
2026-04-28 05:05:50,130 - ETL_Pipeline - INFO - VALIDATION_PASSED: File passed validation in /Users/lesrene/Desktop/LabInstrument_Pipeline/data/raw/instrument_run_1777367150.json
2026-04-28 05:05:50,131 - ETL_Pipeline - INFO - Moved: instrument_run_1777367150.json -> data/processed
2026-04-28 05:06:00,118 - ETL_Pipeline - INFO - New file entered pipeline: /Users/lesrene/Desktop/LabInstrument_Pipeline/data/raw/instrument_run_1777367160.json
2026-04-28 05:06:00,121 - ETL_Pipeline - ERROR - VALIDATION_FAILED: Invalid Mass: -1.0 mg in /Users/lesrene/Desktop/LabInstrument_Pipeline/data/raw/instrument_run_1777367160.json
2026-04-28 05:06:00,124 - ETL_Pipeline - INFO - Moved: instrument_run_1777367160.json -> data/quarantine
2026-04-28 05:06:10,139 - ETL_Pipeline - INFO - New file entered pipeline: /Users/lesrene/Desktop/LabInstrument_Pipeline/data/raw/instrument_run_1777367170.json
2026-04-28 05:06:10,163 - ETL_Pipeline - INFO - Successfully ingested and added rows to database from: /Users/lesrene/Desktop/LabInstrument_Pipeline/data/raw/instrument_run_1777367170.json
2026-04-28 05:06:10,163 - ETL_Pipeline - INFO - VALIDATION_PASSED: File passed validation in /Users/lesrene/Desktop/LabInstrument_Pipeline/data/raw/instrument_run_1777367170.json
2026-04-28 05:06:10,164 - ETL_Pipeline - INFO - Moved: instrument_run_1777367170.json -> data/processed
2026-04-28 05:06:20,150 - ETL_Pipeline - INFO - New file entered pipeline: /Users/lesrene/Desktop/LabInstrument_Pipeline/data/raw/instrument_run_1777367180.json
2026-04-28 05:06:20,160 - ETL_Pipeline - INFO - Successfully ingested and added rows to database from: /Users/lesrene/Desktop/LabInstrument_Pipeline/data/raw/instrument_run_1777367180.json
2026-04-28 05:06:20,161 - ETL_Pipeline - INFO - VALIDATION_PASSED: File passed validation in /Users/lesrene/Desktop/LabInstrument_Pipeline/data/raw/instrument_run_1777367180.json
2026-04-28 05:06:20,161 - ETL_Pipeline - INFO - Moved: instrument_run_1777367180.json -> data/processed
2026-04-28 05:06:30,169 - ETL_Pipeline - INFO - New file entered pipeline: /Users/lesrene/Desktop/LabInstrument_Pipeline/data/raw/instrument_run_1777367190.json
2026-04-28 05:06:30,191 - ETL_Pipeline - INFO - Successfully ingested and added rows to database from: /Users/lesrene/Desktop/LabInstrument_Pipeline/data/raw/instrument_run_1777367190.json
2026-04-28 05:06:30,191 - ETL_Pipeline - INFO - VALIDATION_PASSED: File passed validation in /Users/lesrene/Desktop/LabInstrument_Pipeline/data/raw/instrument_run_1777367190.json
2026-04-28 05:06:30,192 - ETL_Pipeline - INFO - Moved: instrument_run_1777367190.json -> data/processed
2026-04-28 05:06:40,176 - ETL_Pipeline - INFO - New file entered pipeline: /Users/lesrene/Desktop/LabInstrument_Pipeline/data/raw/instrument_run_1777367200.json
2026-04-28 05:06:40,188 - ETL_Pipeline - INFO - Successfully ingested and added rows to database from: /Users/lesrene/Desktop/LabInstrument_Pipeline/data/raw/instrument_run_1777367200.json
2026-04-28 05:06:40,188 - ETL_Pipeline - INFO - VALIDATION_PASSED: File passed validation in /Users/lesrene/Desktop/LabInstrument_Pipeline/data/raw/instrument_run_1777367200.json
2026-04-28 05:06:40,189 - ETL_Pipeline - INFO - Moved: instrument_run_1777367200.json -> data/processed
2026-04-28 05:06:50,187 - ETL_Pipeline - INFO - New file entered pipeline: /Users/lesrene/Desktop/LabInstrument_Pipeline/data/raw/instrument_run_1777367210.json
2026-04-28 05:06:50,190 - ETL_Pipeline - ERROR - VALIDATION_FAILED: Invalid Mass: -1.0 mg in /Users/lesrene/Desktop/LabInstrument_Pipeline/data/raw/instrument_run_1777367210.json
2026-04-28 05:06:50,192 - ETL_Pipeline - INFO - Moved: instrument_run_1777367210.json -> data/quarantine
2026-04-28 05:07:00,199 - ETL_Pipeline - INFO - New file entered pipeline: /Users/lesrene/Desktop/LabInstrument_Pipeline/data/raw/instrument_run_1777367220.json
2026-04-28 05:07:00,222 - ETL_Pipeline - INFO - Successfully ingested and added rows to database from: /Users/lesrene/Desktop/LabInstrument_Pipeline/data/raw/instrument_run_1777367220.json
2026-04-28 05:07:00,222 - ETL_Pipeline - INFO - VALIDATION_PASSED: File passed validation in /Users/lesrene/Desktop/LabInstrument_Pipeline/data/raw/instrument_run_1777367220.json
2026-04-28 05:07:00,223 - ETL_Pipeline - INFO - Moved: instrument_run_1777367220.json -> data/processed
2026-04-28 05:07:10,220 - ETL_Pipeline - INFO - New file entered pipeline: /Users/lesrene/Desktop/LabInstrument_Pipeline/data/raw/instrument_run_1777367230.json
2026-04-28 05:07:10,238 - ETL_Pipeline - INFO - Successfully ingested and added rows to database from: /Users/lesrene/Desktop/LabInstrument_Pipeline/data/raw/instrument_run_1777367230.json
2026-04-28 05:07:10,238 - ETL_Pipeline - INFO - VALIDATION_PASSED: File passed validation in /Users/lesrene/Desktop/LabInstrument_Pipeline/data/raw/instrument_run_1777367230.json
2026-04-28 05:07:10,239 - ETL_Pipeline - INFO - Moved: instrument_run_1777367230.json -> data/processed
2026-04-28 05:07:20,231 - ETL_Pipeline - INFO - New file entered pipeline: /Users/lesrene/Desktop/LabInstrument_Pipeline/data/raw/instrument_run_1777367240.json
2026-04-28 05:07:20,245 - ETL_Pipeline - INFO - Successfully ingested and added rows to database from: /Users/lesrene/Desktop/LabInstrument_Pipeline/data/raw/instrument_run_1777367240.json
2026-04-28 05:07:20,245 - ETL_Pipeline - INFO - VALIDATION_PASSED: File passed validation in /Users/lesrene/Desktop/LabInstrument_Pipeline/data/raw/instrument_run_1777367240.json
2026-04-28 05:07:20,246 - ETL_Pipeline - INFO - Moved: instrument_run_1777367240.json -> data/processed
2026-04-28 05:07:30,242 - ETL_Pipeline - INFO - New file entered pipeline: /Users/lesrene/Desktop/LabInstrument_Pipeline/data/raw/instrument_run_1777367250.json
2026-04-28 05:07:30,256 - ETL_Pipeline - INFO - Successfully ingested and added rows to database from: /Users/lesrene/Desktop/LabInstrument_Pipeline/data/raw/instrument_run_1777367250.json
2026-04-28 05:07:30,256 - ETL_Pipeline - INFO - VALIDATION_PASSED: File passed validation in /Users/lesrene/Desktop/LabInstrument_Pipeline/data/raw/instrument_run_1777367250.json
2026-04-28 05:07:30,257 - ETL_Pipeline - INFO - Moved: instrument_run_1777367250.json -> data/processed
2026-04-28 05:07:40,249 - ETL_Pipeline - INFO - New file entered pipeline: /Users/lesrene/Desktop/LabInstrument_Pipeline/data/raw/instrument_run_1777367260.json
2026-04-28 05:07:40,263 - ETL_Pipeline - INFO - Successfully ingested and added rows to database from: /Users/lesrene/Desktop/LabInstrument_Pipeline/data/raw/instrument_run_1777367260.json
2026-04-28 05:07:40,264 - ETL_Pipeline - INFO - VALIDATION_PASSED: File passed validation in /Users/lesrene/Desktop/LabInstrument_Pipeline/data/raw/instrument_run_1777367260.json
2026-04-28 05:07:40,265 - ETL_Pipeline - INFO - Moved: instrument_run_1777367260.json -> data/processed
2026-04-28 05:07:50,258 - ETL_Pipeline - INFO - New file entered pipeline: /Users/lesrene/Desktop/LabInstrument_Pipeline/data/raw/instrument_run_1777367270.json
2026-04-28 05:07:50,271 - ETL_Pipeline - INFO - Successfully ingested and added rows to database from: /Users/lesrene/Desktop/LabInstrument_Pipeline/data/raw/instrument_run_1777367270.json
2026-04-28 05:07:50,271 - ETL_Pipeline - INFO - VALIDATION_PASSED: File passed validation in /Users/lesrene/Desktop/LabInstrument_Pipeline/data/raw/instrument_run_1777367270.json
2026-04-28 05:07:50,272 - ETL_Pipeline - INFO - Moved: instrument_run_1777367270.json -> data/processed
2026-04-28 05:08:00,269 - ETL_Pipeline - INFO - New file entered pipeline: /Users/lesrene/Desktop/LabInstrument_Pipeline/data/raw/instrument_run_1777367280.json
2026-04-28 05:08:00,281 - ETL_Pipeline - INFO - Successfully ingested and added rows to database from: /Users/lesrene/Desktop/LabInstrument_Pipeline/data/raw/instrument_run_1777367280.json
2026-04-28 05:08:00,281 - ETL_Pipeline - INFO - VALIDATION_PASSED: File passed validation in /Users/lesrene/Desktop/LabInstrument_Pipeline/data/raw/instrument_run_1777367280.json
2026-04-28 05:08:00,282 - ETL_Pipeline - INFO - Moved: instrument_run_1777367280.json -> data/processed
2026-04-28 05:08:10,276 - ETL_Pipeline - INFO - New file entered pipeline: /Users/lesrene/Desktop/LabInstrument_Pipeline/data/raw/instrument_run_1777367290.json
2026-04-28 05:08:10,289 - ETL_Pipeline - INFO - Successfully ingested and added rows to database from: /Users/lesrene/Desktop/LabInstrument_Pipeline/data/raw/instrument_run_1777367290.json
2026-04-28 05:08:10,289 - ETL_Pipeline - INFO - VALIDATION_PASSED: File passed validation in /Users/lesrene/Desktop/LabInstrument_Pipeline/data/raw/instrument_run_1777367290.json
2026-04-28 05:08:10,290 - ETL_Pipeline - INFO - Moved: instrument_run_1777367290.json -> data/processed
2026-04-28 05:08:20,290 - ETL_Pipeline - INFO - New file entered pipeline: /Users/lesrene/Desktop/LabInstrument_Pipeline/data/raw/instrument_run_1777367300.json
2026-04-28 05:08:20,302 - ETL_Pipeline - INFO - Successfully ingested and added rows to database from: /Users/lesrene/Desktop/LabInstrument_Pipeline/data/raw/instrument_run_1777367300.json
2026-04-28 05:08:20,302 - ETL_Pipeline - INFO - VALIDATION_PASSED: File passed validation in /Users/lesrene/Desktop/LabInstrument_Pipeline/data/raw/instrument_run_1777367300.json
2026-04-28 05:08:20,303 - ETL_Pipeline - INFO - Moved: instrument_run_1777367300.json -> data/processed
2026-04-28 05:08:30,301 - ETL_Pipeline - INFO - New file entered pipeline: /Users/lesrene/Desktop/LabInstrument_Pipeline/data/raw/instrument_run_1777367310.json
2026-04-28 05:08:30,305 - ETL_Pipeline - ERROR - VALIDATION_FAILED: Invalid Mass: -1.0 mg in /Users/lesrene/Desktop/LabInstrument_Pipeline/data/raw/instrument_run_1777367310.json
2026-04-28 05:08:30,309 - ETL_Pipeline - INFO - Moved: instrument_run_1777367310.json -> data/quarantine
2026-04-28 05:08:40,316 - ETL_Pipeline - INFO - New file entered pipeline: /Users/lesrene/Desktop/LabInstrument_Pipeline/data/raw/instrument_run_1777367320.json
2026-04-28 05:08:40,336 - ETL_Pipeline - INFO - Successfully ingested and added rows to database from: /Users/lesrene/Desktop/LabInstrument_Pipeline/data/raw/instrument_run_1777367320.json
2026-04-28 05:08:40,336 - ETL_Pipeline - INFO - VALIDATION_PASSED: File passed validation in /Users/lesrene/Desktop/LabInstrument_Pipeline/data/raw/instrument_run_1777367320.json
2026-04-28 05:08:40,337 - ETL_Pipeline - INFO - Moved: instrument_run_1777367320.json -> data/processed
2026-04-28 05:08:50,333 - ETL_Pipeline - INFO - New file entered pipeline: /Users/lesrene/Desktop/LabInstrument_Pipeline/data/raw/instrument_run_1777367330.json
2026-04-28 05:08:50,344 - ETL_Pipeline - INFO - Successfully ingested and added rows to database from: /Users/lesrene/Desktop/LabInstrument_Pipeline/data/raw/instrument_run_1777367330.json
2026-04-28 05:08:50,345 - ETL_Pipeline - INFO - VALIDATION_PASSED: File passed validation in /Users/lesrene/Desktop/LabInstrument_Pipeline/data/raw/instrument_run_1777367330.json
2026-04-28 05:08:50,346 - ETL_Pipeline - INFO - Moved: instrument_run_1777367330.json -> data/processed
2026-04-28 05:09:00,357 - ETL_Pipeline - INFO - New file entered pipeline: /Users/lesrene/Desktop/LabInstrument_Pipeline/data/raw/instrument_run_1777367340.json
2026-04-28 05:09:00,375 - ETL_Pipeline - INFO - Successfully ingested and added rows to database from: /Users/lesrene/Desktop/LabInstrument_Pipeline/data/raw/instrument_run_1777367340.json
2026-04-28 05:09:00,375 - ETL_Pipeline - INFO - VALIDATION_PASSED: File passed validation in /Users/lesrene/Desktop/LabInstrument_Pipeline/data/raw/instrument_run_1777367340.json
2026-04-28 05:09:00,378 - ETL_Pipeline - INFO - Moved: instrument_run_1777367340.json -> data/processed
2026-04-28 05:09:10,373 - ETL_Pipeline - INFO - New file entered pipeline: /Users/lesrene/Desktop/LabInstrument_Pipeline/data/raw/instrument_run_1777367350.json
2026-04-28 05:09:10,386 - ETL_Pipeline - INFO - Successfully ingested and added rows to database from: /Users/lesrene/Desktop/LabInstrument_Pipeline/data/raw/instrument_run_1777367350.json
2026-04-28 05:09:10,387 - ETL_Pipeline - INFO - VALIDATION_PASSED: File passed validation in /Users/lesrene/Desktop/LabInstrument_Pipeline/data/raw/instrument_run_1777367350.json
2026-04-28 05:09:10,388 - ETL_Pipeline - INFO - Moved: instrument_run_1777367350.json -> data/processed
2026-04-28 05:09:20,381 - ETL_Pipeline - INFO - New file entered pipeline: /Users/lesrene/Desktop/LabInstrument_Pipeline/data/raw/instrument_run_1777367360.json
2026-04-28 05:09:20,396 - ETL_Pipeline - INFO - Successfully ingested and added rows to database from: /Users/lesrene/Desktop/LabInstrument_Pipeline/data/raw/instrument_run_1777367360.json
2026-04-28 05:09:20,396 - ETL_Pipeline - INFO - VALIDATION_PASSED: File passed validation in /Users/lesrene/Desktop/LabInstrument_Pipeline/data/raw/instrument_run_1777367360.json
2026-04-28 05:09:20,397 - ETL_Pipeline - INFO - Moved: instrument_run_1777367360.json -> data/processed
2026-04-28 05:09:30,396 - ETL_Pipeline - INFO - New file entered pipeline: /Users/lesrene/Desktop/LabInstrument_Pipeline/data/raw/instrument_run_1777367370.json
2026-04-28 05:09:30,411 - ETL_Pipeline - INFO - Successfully ingested and added rows to database from: /Users/lesrene/Desktop/LabInstrument_Pipeline/data/raw/instrument_run_1777367370.json
2026-04-28 05:09:30,411 - ETL_Pipeline - INFO - VALIDATION_PASSED: File passed validation in /Users/lesrene/Desktop/LabInstrument_Pipeline/data/raw/instrument_run_1777367370.json
2026-04-28 05:09:30,412 - ETL_Pipeline - INFO - Moved: instrument_run_1777367370.json -> data/processed
2026-04-28 05:09:40,411 - ETL_Pipeline - INFO - New file entered pipeline: /Users/lesrene/Desktop/LabInstrument_Pipeline/data/raw/instrument_run_1777367380.json
2026-04-28 05:09:40,433 - ETL_Pipeline - INFO - Successfully ingested and added rows to database from: /Users/lesrene/Desktop/LabInstrument_Pipeline/data/raw/instrument_run_1777367380.json
2026-04-28 05:09:40,434 - ETL_Pipeline - INFO - VALIDATION_PASSED: File passed validation in /Users/lesrene/Desktop/LabInstrument_Pipeline/data/raw/instrument_run_1777367380.json
2026-04-28 05:09:40,435 - ETL_Pipeline - INFO - Moved: instrument_run_1777367380.json -> data/processed
2026-04-28 05:09:50,424 - ETL_Pipeline - INFO - New file entered pipeline: /Users/lesrene/Desktop/LabInstrument_Pipeline/data/raw/instrument_run_1777367390.json
2026-04-28 05:09:50,437 - ETL_Pipeline - INFO - Successfully ingested and added rows to database from: /Users/lesrene/Desktop/LabInstrument_Pipeline/data/raw/instrument_run_1777367390.json
2026-04-28 05:09:50,438 - ETL_Pipeline - INFO - VALIDATION_PASSED: File passed validation in /Users/lesrene/Desktop/LabInstrument_Pipeline/data/raw/instrument_run_1777367390.json
2026-04-28 05:09:50,439 - ETL_Pipeline - INFO - Moved: instrument_run_1777367390.json -> data/processed
2026-04-28 05:10:00,440 - ETL_Pipeline - INFO - New file entered pipeline: /Users/lesrene/Desktop/LabInstrument_Pipeline/data/raw/instrument_run_1777367400.json
2026-04-28 05:10:00,453 - ETL_Pipeline - INFO - Successfully ingested and added rows to database from: /Users/lesrene/Desktop/LabInstrument_Pipeline/data/raw/instrument_run_1777367400.json
2026-04-28 05:10:00,454 - ETL_Pipeline - INFO - VALIDATION_PASSED: File passed validation in /Users/lesrene/Desktop/LabInstrument_Pipeline/data/raw/instrument_run_1777367400.json
2026-04-28 05:10:00,454 - ETL_Pipeline - INFO - Moved: instrument_run_1777367400.json -> data/processed
2026-04-28 05:10:10,458 - ETL_Pipeline - INFO - New file entered pipeline: /Users/lesrene/Desktop/LabInstrument_Pipeline/data/raw/instrument_run_1777367410.json
2026-04-28 05:10:10,477 - ETL_Pipeline - INFO - Successfully ingested and added rows to database from: /Users/lesrene/Desktop/LabInstrument_Pipeline/data/raw/instrument_run_1777367410.json
2026-04-28 05:10:10,479 - ETL_Pipeline - INFO - VALIDATION_PASSED: File passed validation in /Users/lesrene/Desktop/LabInstrument_Pipeline/data/raw/instrument_run_1777367410.json
2026-04-28 05:10:10,479 - ETL_Pipeline - INFO - Moved: instrument_run_1777367410.json -> data/processed
2026-04-28 05:10:20,479 - ETL_Pipeline - INFO - New file entered pipeline: /Users/lesrene/Desktop/LabInstrument_Pipeline/data/raw/instrument_run_1777367420.json
2026-04-28 05:10:20,492 - ETL_Pipeline - INFO - Successfully ingested and added rows to database from: /Users/lesrene/Desktop/LabInstrument_Pipeline/data/raw/instrument_run_1777367420.json
2026-04-28 05:10:20,492 - ETL_Pipeline - INFO - VALIDATION_PASSED: File passed validation in /Users/lesrene/Desktop/LabInstrument_Pipeline/data/raw/instrument_run_1777367420.json
2026-04-28 05:10:20,493 - ETL_Pipeline - INFO - Moved: instrument_run_1777367420.json -> data/processed
2026-04-28 05:10:30,494 - ETL_Pipeline - INFO - New file entered pipeline: /Users/lesrene/Desktop/LabInstrument_Pipeline/data/raw/instrument_run_1777367430.json
2026-04-28 05:10:30,506 - ETL_Pipeline - INFO - Successfully ingested and added rows to database from: /Users/lesrene/Desktop/LabInstrument_Pipeline/data/raw/instrument_run_1777367430.json
2026-04-28 05:10:30,507 - ETL_Pipeline - INFO - VALIDATION_PASSED: File passed validation in /Users/lesrene/Desktop/LabInstrument_Pipeline/data/raw/instrument_run_1777367430.json
2026-04-28 05:10:30,507 - ETL_Pipeline - INFO - Moved: instrument_run_1777367430.json -> data/processed
2026-04-28 05:10:40,508 - ETL_Pipeline - INFO - New file entered pipeline: /Users/lesrene/Desktop/LabInstrument_Pipeline/data/raw/instrument_run_1777367440.json
2026-04-28 05:10:40,522 - ETL_Pipeline - INFO - Successfully ingested and added rows to database from: /Users/lesrene/Desktop/LabInstrument_Pipeline/data/raw/instrument_run_1777367440.json
2026-04-28 05:10:40,523 - ETL_Pipeline - INFO - VALIDATION_PASSED: File passed validation in /Users/lesrene/Desktop/LabInstrument_Pipeline/data/raw/instrument_run_1777367440.json
2026-04-28 05:10:40,524 - ETL_Pipeline - INFO - Moved: instrument_run_1777367440.json -> data/processed
2026-04-28 05:10:50,520 - ETL_Pipeline - INFO - New file entered pipeline: /Users/lesrene/Desktop/LabInstrument_Pipeline/data/raw/instrument_run_1777367450.json
2026-04-28 05:10:50,533 - ETL_Pipeline - INFO - Successfully ingested and added rows to database from: /Users/lesrene/Desktop/LabInstrument_Pipeline/data/raw/instrument_run_1777367450.json
2026-04-28 05:10:50,533 - ETL_Pipeline - INFO - VALIDATION_PASSED: File passed validation in /Users/lesrene/Desktop/LabInstrument_Pipeline/data/raw/instrument_run_1777367450.json
2026-04-28 05:10:50,534 - ETL_Pipeline - INFO - Moved: instrument_run_1777367450.json -> data/processed
2026-04-28 05:11:00,535 - ETL_Pipeline - INFO - New file entered pipeline: /Users/lesrene/Desktop/LabInstrument_Pipeline/data/raw/instrument_run_1777367460.json
2026-04-28 05:11:00,548 - ETL_Pipeline - INFO - Successfully ingested and added rows to database from: /Users/lesrene/Desktop/LabInstrument_Pipeline/data/raw/instrument_run_1777367460.json
2026-04-28 05:11:00,548 - ETL_Pipeline - INFO - VALIDATION_PASSED: File passed validation in /Users/lesrene/Desktop/LabInstrument_Pipeline/data/raw/instrument_run_1777367460.json
2026-04-28 05:11:00,549 - ETL_Pipeline - INFO - Moved: instrument_run_1777367460.json -> data/processed
2026-04-28 05:11:10,558 - ETL_Pipeline - INFO - New file entered pipeline: /Users/lesrene/Desktop/LabInstrument_Pipeline/data/raw/instrument_run_1777367470.json
2026-04-28 05:11:10,580 - ETL_Pipeline - INFO - Successfully ingested and added rows to database from: /Users/lesrene/Desktop/LabInstrument_Pipeline/data/raw/instrument_run_1777367470.json
2026-04-28 05:11:10,581 - ETL_Pipeline - INFO - VALIDATION_PASSED: File passed validation in /Users/lesrene/Desktop/LabInstrument_Pipeline/data/raw/instrument_run_1777367470.json
2026-04-28 05:11:10,581 - ETL_Pipeline - INFO - Moved: instrument_run_1777367470.json -> data/processed
2026-04-28 05:11:20,565 - ETL_Pipeline - INFO - New file entered pipeline: /Users/lesrene/Desktop/LabInstrument_Pipeline/data/raw/instrument_run_1777367480.json
2026-04-28 05:11:20,575 - ETL_Pipeline - INFO - Successfully ingested and added rows to database from: /Users/lesrene/Desktop/LabInstrument_Pipeline/data/raw/instrument_run_1777367480.json
2026-04-28 05:11:20,576 - ETL_Pipeline - INFO - VALIDATION_PASSED: File passed validation in /Users/lesrene/Desktop/LabInstrument_Pipeline/data/raw/instrument_run_1777367480.json
2026-04-28 05:11:20,577 - ETL_Pipeline - INFO - Moved: instrument_run_1777367480.json -> data/processed
2026-04-28 05:26:29,171 - ETL_Pipeline - INFO - New file entered pipeline: /Users/lesrene/Desktop/LabInstrument_Pipeline/data/raw/instrument_run_1777368389.json
2026-04-28 05:26:29,197 - ETL_Pipeline - INFO - Successfully ingested and added rows to database from: /Users/lesrene/Desktop/LabInstrument_Pipeline/data/raw/instrument_run_1777368389.json
2026-04-28 05:26:29,198 - ETL_Pipeline - INFO - VALIDATION_PASSED: File passed validation in /Users/lesrene/Desktop/LabInstrument_Pipeline/data/raw/instrument_run_1777368389.json
2026-04-28 05:26:29,199 - ETL_Pipeline - INFO - Moved: instrument_run_1777368389.json -> data/processed
2026-04-28 05:26:39,171 - ETL_Pipeline - INFO - New file entered pipeline: /Users/lesrene/Desktop/LabInstrument_Pipeline/data/raw/instrument_run_1777368399.json
2026-04-28 05:26:39,183 - ETL_Pipeline - INFO - Successfully ingested and added rows to database from: /Users/lesrene/Desktop/LabInstrument_Pipeline/data/raw/instrument_run_1777368399.json
2026-04-28 05:26:39,183 - ETL_Pipeline - INFO - VALIDATION_PASSED: File passed validation in /Users/lesrene/Desktop/LabInstrument_Pipeline/data/raw/instrument_run_1777368399.json
2026-04-28 05:26:39,184 - ETL_Pipeline - INFO - Moved: instrument_run_1777368399.json -> data/processed
2026-04-28 05:26:49,183 - ETL_Pipeline - INFO - New file entered pipeline: /Users/lesrene/Desktop/LabInstrument_Pipeline/data/raw/instrument_run_1777368409.json
2026-04-28 05:26:49,198 - ETL_Pipeline - INFO - Successfully ingested and added rows to database from: /Users/lesrene/Desktop/LabInstrument_Pipeline/data/raw/instrument_run_1777368409.json
2026-04-28 05:26:49,199 - ETL_Pipeline - INFO - VALIDATION_PASSED: File passed validation in /Users/lesrene/Desktop/LabInstrument_Pipeline/data/raw/instrument_run_1777368409.json
2026-04-28 05:26:49,200 - ETL_Pipeline - INFO - Moved: instrument_run_1777368409.json -> data/processed
2026-04-28 05:26:59,193 - ETL_Pipeline - INFO - New file entered pipeline: /Users/lesrene/Desktop/LabInstrument_Pipeline/data/raw/instrument_run_1777368419.json
2026-04-28 05:26:59,216 - ETL_Pipeline - INFO - Successfully ingested and added rows to database from: /Users/lesrene/Desktop/LabInstrument_Pipeline/data/raw/instrument_run_1777368419.json
2026-04-28 05:26:59,217 - ETL_Pipeline - INFO - VALIDATION_PASSED: File passed validation in /Users/lesrene/Desktop/LabInstrument_Pipeline/data/raw/instrument_run_1777368419.json
2026-04-28 05:26:59,217 - ETL_Pipeline - INFO - Moved: instrument_run_1777368419.json -> data/processed
2026-04-28 05:42:07,900 - ETL_Pipeline - INFO - New file entered pipeline: /Users/lesrene/Desktop/LabInstrument_Pipeline/data/raw/instrument_run_1777369327.json
2026-04-28 05:42:07,919 - ETL_Pipeline - INFO - Successfully ingested and added rows to database from: /Users/lesrene/Desktop/LabInstrument_Pipeline/data/raw/instrument_run_1777369327.json
2026-04-28 05:42:07,921 - ETL_Pipeline - INFO - VALIDATION_PASSED: File passed validation in /Users/lesrene/Desktop/LabInstrument_Pipeline/data/raw/instrument_run_1777369327.json
2026-04-28 05:42:07,923 - ETL_Pipeline - INFO - Moved: instrument_run_1777369327.json -> data/processed
2026-04-28 05:42:17,934 - ETL_Pipeline - INFO - New file entered pipeline: /Users/lesrene/Desktop/LabInstrument_Pipeline/data/raw/instrument_run_1777369337.json
2026-04-28 05:42:17,954 - ETL_Pipeline - INFO - Successfully ingested and added rows to database from: /Users/lesrene/Desktop/LabInstrument_Pipeline/data/raw/instrument_run_1777369337.json
2026-04-28 05:42:17,955 - ETL_Pipeline - INFO - VALIDATION_PASSED: File passed validation in /Users/lesrene/Desktop/LabInstrument_Pipeline/data/raw/instrument_run_1777369337.json
2026-04-28 05:42:17,955 - ETL_Pipeline - INFO - Moved: instrument_run_1777369337.json -> data/processed
2026-04-28 05:42:27,946 - ETL_Pipeline - INFO - New file entered pipeline: /Users/lesrene/Desktop/LabInstrument_Pipeline/data/raw/instrument_run_1777369347.json
2026-04-28 05:42:27,958 - ETL_Pipeline - INFO - Successfully ingested and added rows to database from: /Users/lesrene/Desktop/LabInstrument_Pipeline/data/raw/instrument_run_1777369347.json
2026-04-28 05:42:27,958 - ETL_Pipeline - INFO - VALIDATION_PASSED: File passed validation in /Users/lesrene/Desktop/LabInstrument_Pipeline/data/raw/instrument_run_1777369347.json
2026-04-28 05:42:27,959 - ETL_Pipeline - INFO - Moved: instrument_run_1777369347.json -> data/processed
2026-04-28 05:42:37,951 - ETL_Pipeline - INFO - New file entered pipeline: /Users/lesrene/Desktop/LabInstrument_Pipeline/data/raw/instrument_run_1777369357.json
2026-04-28 05:42:37,985 - ETL_Pipeline - INFO - Successfully ingested and added rows to database from: /Users/lesrene/Desktop/LabInstrument_Pipeline/data/raw/instrument_run_1777369357.json
2026-04-28 05:42:37,986 - ETL_Pipeline - INFO - VALIDATION_PASSED: File passed validation in /Users/lesrene/Desktop/LabInstrument_Pipeline/data/raw/instrument_run_1777369357.json
2026-04-28 05:42:37,986 - ETL_Pipeline - INFO - Moved: instrument_run_1777369357.json -> data/processed
2026-04-28 05:42:47,964 - ETL_Pipeline - INFO - New file entered pipeline: /Users/lesrene/Desktop/LabInstrument_Pipeline/data/raw/instrument_run_1777369367.json
2026-04-28 05:42:47,981 - ETL_Pipeline - INFO - Successfully ingested and added rows to database from: /Users/lesrene/Desktop/LabInstrument_Pipeline/data/raw/instrument_run_1777369367.json
2026-04-28 05:42:47,981 - ETL_Pipeline - INFO - VALIDATION_PASSED: File passed validation in /Users/lesrene/Desktop/LabInstrument_Pipeline/data/raw/instrument_run_1777369367.json
2026-04-28 05:42:47,981 - ETL_Pipeline - INFO - Moved: instrument_run_1777369367.json -> data/processed
2026-04-28 05:57:56,007 - ETL_Pipeline - INFO - New file entered pipeline: /Users/lesrene/Desktop/LabInstrument_Pipeline/data/raw/instrument_run_1777370275.json
2026-04-28 05:57:56,027 - ETL_Pipeline - INFO - Successfully ingested and added rows to database from: /Users/lesrene/Desktop/LabInstrument_Pipeline/data/raw/instrument_run_1777370275.json
2026-04-28 05:57:56,027 - ETL_Pipeline - INFO - VALIDATION_PASSED: File passed validation in /Users/lesrene/Desktop/LabInstrument_Pipeline/data/raw/instrument_run_1777370275.json
2026-04-28 05:57:56,028 - ETL_Pipeline - INFO - Moved: instrument_run_1777370275.json -> data/processed
2026-04-28 05:58:06,021 - ETL_Pipeline - INFO - New file entered pipeline: /Users/lesrene/Desktop/LabInstrument_Pipeline/data/raw/instrument_run_1777370285.json
2026-04-28 05:58:06,076 - ETL_Pipeline - INFO - Successfully ingested and added rows to database from: /Users/lesrene/Desktop/LabInstrument_Pipeline/data/raw/instrument_run_1777370285.json
2026-04-28 05:58:06,076 - ETL_Pipeline - INFO - VALIDATION_PASSED: File passed validation in /Users/lesrene/Desktop/LabInstrument_Pipeline/data/raw/instrument_run_1777370285.json
2026-04-28 05:58:06,076 - ETL_Pipeline - INFO - Moved: instrument_run_1777370285.json -> data/processed
2026-04-28 05:58:16,037 - ETL_Pipeline - INFO - New file entered pipeline: /Users/lesrene/Desktop/LabInstrument_Pipeline/data/raw/instrument_run_1777370296.json
2026-04-28 05:58:16,050 - ETL_Pipeline - INFO - Successfully ingested and added rows to database from: /Users/lesrene/Desktop/LabInstrument_Pipeline/data/raw/instrument_run_1777370296.json
2026-04-28 05:58:16,051 - ETL_Pipeline - INFO - VALIDATION_PASSED: File passed validation in /Users/lesrene/Desktop/LabInstrument_Pipeline/data/raw/instrument_run_1777370296.json
2026-04-28 05:58:16,052 - ETL_Pipeline - INFO - Moved: instrument_run_1777370296.json -> data/processed
2026-04-28 05:58:26,045 - ETL_Pipeline - INFO - New file entered pipeline: /Users/lesrene/Desktop/LabInstrument_Pipeline/data/raw/instrument_run_1777370306.json
2026-04-28 05:58:26,061 - ETL_Pipeline - INFO - Successfully ingested and added rows to database from: /Users/lesrene/Desktop/LabInstrument_Pipeline/data/raw/instrument_run_1777370306.json
2026-04-28 05:58:26,062 - ETL_Pipeline - INFO - VALIDATION_PASSED: File passed validation in /Users/lesrene/Desktop/LabInstrument_Pipeline/data/raw/instrument_run_1777370306.json
2026-04-28 05:58:26,062 - ETL_Pipeline - INFO - Moved: instrument_run_1777370306.json -> data/processed
2026-04-28 05:58:36,057 - ETL_Pipeline - INFO - New file entered pipeline: /Users/lesrene/Desktop/LabInstrument_Pipeline/data/raw/instrument_run_1777370316.json
2026-04-28 05:58:36,070 - ETL_Pipeline - INFO - Successfully ingested and added rows to database from: /Users/lesrene/Desktop/LabInstrument_Pipeline/data/raw/instrument_run_1777370316.json
2026-04-28 05:58:36,070 - ETL_Pipeline - INFO - VALIDATION_PASSED: File passed validation in /Users/lesrene/Desktop/LabInstrument_Pipeline/data/raw/instrument_run_1777370316.json
2026-04-28 05:58:36,071 - ETL_Pipeline - INFO - Moved: instrument_run_1777370316.json -> data/processed
2026-04-28 06:13:44,098 - ETL_Pipeline - INFO - New file entered pipeline: /Users/lesrene/Desktop/LabInstrument_Pipeline/data/raw/instrument_run_1777371224.json
2026-04-28 06:13:44,123 - ETL_Pipeline - INFO - Successfully ingested and added rows to database from: /Users/lesrene/Desktop/LabInstrument_Pipeline/data/raw/instrument_run_1777371224.json
2026-04-28 06:13:44,123 - ETL_Pipeline - INFO - VALIDATION_PASSED: File passed validation in /Users/lesrene/Desktop/LabInstrument_Pipeline/data/raw/instrument_run_1777371224.json
2026-04-28 06:13:44,124 - ETL_Pipeline - INFO - Moved: instrument_run_1777371224.json -> data/processed
2026-04-28 06:13:54,125 - ETL_Pipeline - INFO - New file entered pipeline: /Users/lesrene/Desktop/LabInstrument_Pipeline/data/raw/instrument_run_1777371234.json
2026-04-28 06:13:54,144 - ETL_Pipeline - INFO - Successfully ingested and added rows to database from: /Users/lesrene/Desktop/LabInstrument_Pipeline/data/raw/instrument_run_1777371234.json
2026-04-28 06:13:54,144 - ETL_Pipeline - INFO - VALIDATION_PASSED: File passed validation in /Users/lesrene/Desktop/LabInstrument_Pipeline/data/raw/instrument_run_1777371234.json
2026-04-28 06:13:54,145 - ETL_Pipeline - INFO - Moved: instrument_run_1777371234.json -> data/processed
2026-04-28 06:14:04,146 - ETL_Pipeline - INFO - New file entered pipeline: /Users/lesrene/Desktop/LabInstrument_Pipeline/data/raw/instrument_run_1777371244.json
2026-04-28 06:14:04,172 - ETL_Pipeline - INFO - Successfully ingested and added rows to database from: /Users/lesrene/Desktop/LabInstrument_Pipeline/data/raw/instrument_run_1777371244.json
2026-04-28 06:14:04,172 - ETL_Pipeline - INFO - VALIDATION_PASSED: File passed validation in /Users/lesrene/Desktop/LabInstrument_Pipeline/data/raw/instrument_run_1777371244.json
2026-04-28 06:14:04,173 - ETL_Pipeline - INFO - Moved: instrument_run_1777371244.json -> data/processed
2026-04-28 06:14:14,152 - ETL_Pipeline - INFO - New file entered pipeline: /Users/lesrene/Desktop/LabInstrument_Pipeline/data/raw/instrument_run_1777371254.json
2026-04-28 06:14:14,165 - ETL_Pipeline - INFO - Successfully ingested and added rows to database from: /Users/lesrene/Desktop/LabInstrument_Pipeline/data/raw/instrument_run_1777371254.json
2026-04-28 06:14:14,165 - ETL_Pipeline - INFO - VALIDATION_PASSED: File passed validation in /Users/lesrene/Desktop/LabInstrument_Pipeline/data/raw/instrument_run_1777371254.json
2026-04-28 06:14:14,166 - ETL_Pipeline - INFO - Moved: instrument_run_1777371254.json -> data/processed
2026-04-28 06:14:24,168 - ETL_Pipeline - INFO - New file entered pipeline: /Users/lesrene/Desktop/LabInstrument_Pipeline/data/raw/instrument_run_1777371264.json
2026-04-28 06:14:24,188 - ETL_Pipeline - INFO - Successfully ingested and added rows to database from: /Users/lesrene/Desktop/LabInstrument_Pipeline/data/raw/instrument_run_1777371264.json
2026-04-28 06:14:24,188 - ETL_Pipeline - INFO - VALIDATION_PASSED: File passed validation in /Users/lesrene/Desktop/LabInstrument_Pipeline/data/raw/instrument_run_1777371264.json
2026-04-28 06:14:24,189 - ETL_Pipeline - INFO - Moved: instrument_run_1777371264.json -> data/processed
2026-04-28 06:14:34,182 - ETL_Pipeline - INFO - New file entered pipeline: /Users/lesrene/Desktop/LabInstrument_Pipeline/data/raw/instrument_run_1777371274.json
2026-04-28 06:14:34,195 - ETL_Pipeline - INFO - Successfully ingested and added rows to database from: /Users/lesrene/Desktop/LabInstrument_Pipeline/data/raw/instrument_run_1777371274.json
2026-04-28 06:14:34,196 - ETL_Pipeline - INFO - VALIDATION_PASSED: File passed validation in /Users/lesrene/Desktop/LabInstrument_Pipeline/data/raw/instrument_run_1777371274.json
2026-04-28 06:14:34,197 - ETL_Pipeline - INFO - Moved: instrument_run_1777371274.json -> data/processed
2026-04-28 06:14:44,194 - ETL_Pipeline - INFO - New file entered pipeline: /Users/lesrene/Desktop/LabInstrument_Pipeline/data/raw/instrument_run_1777371284.json
2026-04-28 06:14:44,198 - ETL_Pipeline - ERROR - VALIDATION_FAILED: Invalid Mass: -1.0 mg in /Users/lesrene/Desktop/LabInstrument_Pipeline/data/raw/instrument_run_1777371284.json
2026-04-28 06:14:44,203 - ETL_Pipeline - INFO - Moved: instrument_run_1777371284.json -> data/quarantine
2026-04-28 06:14:54,214 - ETL_Pipeline - INFO - New file entered pipeline: /Users/lesrene/Desktop/LabInstrument_Pipeline/data/raw/instrument_run_1777371294.json
2026-04-28 06:14:54,247 - ETL_Pipeline - INFO - Successfully ingested and added rows to database from: /Users/lesrene/Desktop/LabInstrument_Pipeline/data/raw/instrument_run_1777371294.json
2026-04-28 06:14:54,247 - ETL_Pipeline - INFO - VALIDATION_PASSED: File passed validation in /Users/lesrene/Desktop/LabInstrument_Pipeline/data/raw/instrument_run_1777371294.json
2026-04-28 06:14:54,248 - ETL_Pipeline - INFO - Moved: instrument_run_1777371294.json -> data/processed
2026-04-28 06:21:57,515 - ETL_Pipeline - INFO - New file entered pipeline: /Users/lesrene/Desktop/LabInstrument_Pipeline/data/raw/instrument_run_1777371717.json
2026-04-28 08:44:19,189 - ETL_Pipeline - INFO - Pipeline stopped by user.
